source_frame,timestamp_seconds,detected,class_name,confidence,x_center,y_center,width,height,x_min,y_min,x_max,y_max
0,0.000000,False,,,,,,,,,,
1,0.016683,False,,,,,,,,,,
2,0.033367,False,,,,,,,,,,
3,0.050050,False,,,,,,,,,,
4,0.066733,False,,,,,,,,,,
5,0.083417,False,,,,,,,,,,
6,0.100100,False,,,,,,,,,,
7,0.116783,False,,,,,,,,,,
8,0.133467,False,,,,,,,,,,
9,0.150150,False,,,,,,,,,,
10,0.166833,False,,,,,,,,,,
11,0.183517,False,,,,,,,,,,
12,0.200200,False,,,,,,,,,,
13,0.216883,False,,,,,,,,,,
14,0.233567,True,Squash-Line-Calling,0.734696,1888.000,760.000,20.000,16.000,1878.000,752.000,1898.000,768.000
15,0.250250,True,Squash-Line-Calling,0.615702,1871.000,750.000,18.000,12.000,1862.000,744.000,1880.000,756.000
16,0.266933,True,Squash-Line-Calling,0.662035,1856.000,740.000,16.000,12.000,1848.000,734.000,1864.000,746.000
17,0.283617,True,Squash-Line-Calling,0.713738,1841.000,732.000,18.000,16.000,1832.000,724.000,1850.000,740.000
18,0.300300,True,Squash-Line-Calling,0.449981,1827.000,724.000,14.000,12.000,1820.000,718.000,1834.000,730.000
19,0.316983,True,Squash-Line-Calling,0.719204,1812.000,720.000,16.000,12.000,1804.000,714.000,1820.000,726.000
20,0.333667,True,Squash-Line-Calling,0.608859,1798.000,713.000,16.000,14.000,1790.000,706.000,1806.000,720.000
21,0.350350,True,Squash-Line-Calling,0.707323,1785.000,710.000,14.000,12.000,1778.000,704.000,1792.000,716.000
22,0.367033,True,Squash-Line-Calling,0.343846,835.000,22.000,10.000,12.000,830.000,16.000,840.000,28.000
23,0.383717,True,Squash-Line-Calling,0.393424,833.000,22.000,10.000,12.000,828.000,16.000,838.000,28.000
24,0.400400,True,Squash-Line-Calling,0.719092,1747.000,705.000,14.000,14.000,1740.000,698.000,1754.000,712.000
25,0.417083,True,Squash-Line-Calling,0.699725,1735.000,705.000,14.000,14.000,1728.000,698.000,1742.000,712.000
26,0.433767,True,Squash-Line-Calling,0.710232,1723.000,705.000,14.000,14.000,1716.000,698.000,1730.000,712.000
27,0.450450,True,Squash-Line-Calling,0.699950,1711.000,708.000,14.000,12.000,1704.000,702.000,1718.000,714.000
28,0.467133,True,Squash-Line-Calling,0.673601,1701.000,709.000,14.000,14.000,1694.000,702.000,1708.000,716.000
29,0.483817,True,Squash-Line-Calling,0.535630,834.000,22.000,8.000,12.000,830.000,16.000,838.000,28.000
30,0.500500,True,Squash-Line-Calling,0.424288,833.000,22.000,10.000,12.000,828.000,16.000,838.000,28.000
31,0.517183,True,Squash-Line-Calling,0.427165,833.000,22.000,10.000,12.000,828.000,16.000,838.000,28.000
32,0.533867,True,Squash-Line-Calling,0.428810,833.000,22.000,10.000,12.000,828.000,16.000,838.000,28.000
33,0.550550,True,Squash-Line-Calling,0.430946,833.000,22.000,10.000,12.000,828.000,16.000,838.000,28.000
34,0.567233,True,Squash-Line-Calling,0.425337,833.000,22.000,10.000,12.000,828.000,16.000,838.000,28.000
35,0.583917,True,Squash-Line-Calling,0.423913,833.000,22.000,10.000,12.000,828.000,16.000,838.000,28.000
36,0.600600,True,Squash-Line-Calling,0.674301,1627.000,750.000,14.000,12.000,1620.000,744.000,1634.000,756.000
37,0.617283,True,Squash-Line-Calling,0.427891,833.000,22.000,10.000,12.000,828.000,16.000,838.000,28.000
38,0.633967,True,Squash-Line-Calling,0.423975,833.000,22.000,10.000,12.000,828.000,16.000,838.000,28.000
39,0.650650,True,Squash-Line-Calling,0.419072,833.000,22.000,10.000,12.000,828.000,16.000,838.000,28.000
40,0.667333,True,Squash-Line-Calling,0.415337,833.000,22.000,10.000,12.000,828.000,16.000,838.000,28.000
41,0.684017,True,Squash-Line-Calling,0.422400,833.000,22.000,10.000,12.000,828.000,16.000,838.000,28.000
42,0.700700,True,Squash-Line-Calling,0.445779,833.000,22.000,10.000,12.000,828.000,16.000,838.000,28.000
43,0.717383,True,Squash-Line-Calling,0.417555,833.000,22.000,10.000,12.000,828.000,16.000,838.000,28.000
44,0.734067,True,Squash-Line-Calling,0.420791,833.000,22.000,10.000,12.000,828.000,16.000,838.000,28.000
45,0.750750,True,Squash-Line-Calling,0.419629,833.000,22.000,10.000,12.000,828.000,16.000,838.000,28.000
46,0.767433,True,Squash-Line-Calling,0.420086,833.000,22.000,10.000,12.000,828.000,16.000,838.000,28.000
47,0.784117,True,Squash-Line-Calling,0.414722,833.000,22.000,10.000,12.000,828.000,16.000,838.000,28.000
48,0.800800,True,Squash-Line-Calling,0.411494,833.000,22.000,10.000,12.000,828.000,16.000,838.000,28.000
49,0.817483,True,Squash-Line-Calling,0.407836,833.000,22.000,10.000,12.000,828.000,16.000,838.000,28.000
50,0.834167,True,Squash-Line-Calling,0.410602,833.000,22.000,10.000,12.000,828.000,16.000,838.000,28.000
51,0.850850,True,Squash-Line-Calling,0.410389,833.000,22.000,10.000,12.000,828.000,16.000,838.000,28.000
52,0.867533,True,Squash-Line-Calling,0.418743,833.000,22.000,10.000,12.000,828.000,16.000,838.000,28.000
53,0.884217,True,Squash-Line-Calling,0.408979,833.000,22.000,10.000,12.000,828.000,16.000,838.000,28.000
54,0.900900,True,Squash-Line-Calling,0.408497,833.000,22.000,10.000,12.000,828.000,16.000,838.000,28.000
55,0.917583,True,Squash-Line-Calling,0.400941,833.000,22.000,10.000,12.000,828.000,16.000,838.000,28.000
56,0.934267,True,Squash-Line-Calling,0.404619,833.000,22.000,10.000,12.000,828.000,16.000,838.000,28.000
57,0.950950,True,Squash-Line-Calling,0.382236,833.000,22.000,10.000,12.000,828.000,16.000,838.000,28.000
58,0.967633,True,Squash-Line-Calling,0.396175,833.000,22.000,10.000,12.000,828.000,16.000,838.000,28.000
59,0.984317,True,Squash-Line-Calling,0.375940,833.000,22.000,10.000,12.000,828.000,16.000,838.000,28.000
60,1.001000,True,Squash-Line-Calling,0.404011,833.000,22.000,10.000,12.000,828.000,16.000,838.000,28.000
61,1.017683,True,Squash-Line-Calling,0.407822,833.000,22.000,10.000,12.000,828.000,16.000,838.000,28.000
62,1.034367,True,Squash-Line-Calling,0.411694,833.000,22.000,10.000,12.000,828.000,16.000,838.000,28.000
63,1.051050,True,Squash-Line-Calling,0.413182,833.000,22.000,10.000,12.000,828.000,16.000,838.000,28.000
64,1.067733,True,Squash-Line-Calling,0.416732,833.000,22.000,10.000,12.000,828.000,16.000,838.000,28.000
65,1.084417,True,Squash-Line-Calling,0.428313,833.000,22.000,10.000,12.000,828.000,16.000,838.000,28.000
66,1.101100,True,Squash-Line-Calling,0.424920,833.000,22.000,10.000,12.000,828.000,16.000,838.000,28.000
67,1.117783,True,Squash-Line-Calling,0.445139,833.000,22.000,10.000,12.000,828.000,16.000,838.000,28.000
68,1.134467,True,Squash-Line-Calling,0.426559,833.000,22.000,10.000,12.000,828.000,16.000,838.000,28.000
69,1.151150,True,Squash-Line-Calling,0.419803,833.000,22.000,10.000,12.000,828.000,16.000,838.000,28.000
70,1.167833,True,Squash-Line-Calling,0.411118,833.000,22.000,10.000,12.000,828.000,16.000,838.000,28.000
71,1.184517,True,Squash-Line-Calling,0.403308,833.000,22.000,10.000,12.000,828.000,16.000,838.000,28.000
72,1.201200,True,Squash-Line-Calling,0.404806,833.000,22.000,10.000,12.000,828.000,16.000,838.000,28.000
73,1.217883,True,Squash-Line-Calling,0.405052,833.000,22.000,10.000,12.000,828.000,16.000,838.000,28.000
74,1.234567,True,Squash-Line-Calling,0.377031,833.000,22.000,10.000,12.000,828.000,16.000,838.000,28.000
75,1.251250,True,Squash-Line-Calling,0.380851,833.000,22.000,10.000,12.000,828.000,16.000,838.000,28.000
76,1.267933,True,Squash-Line-Calling,0.381328,833.000,22.000,10.000,12.000,828.000,16.000,838.000,28.000
77,1.284617,True,Squash-Line-Calling,0.378074,833.000,22.000,10.000,12.000,828.000,16.000,838.000,28.000
78,1.301300,True,Squash-Line-Calling,0.417280,1320.000,406.000,8.000,8.000,1316.000,402.000,1324.000,410.000
79,1.317983,True,Squash-Line-Calling,0.646870,1330.000,408.000,8.000,8.000,1326.000,404.000,1334.000,412.000
80,1.334667,True,Squash-Line-Calling,0.652419,1340.000,410.000,8.000,8.000,1336.000,406.000,1344.000,414.000
81,1.351350,True,Squash-Line-Calling,0.548169,1349.000,414.000,10.000,8.000,1344.000,410.000,1354.000,418.000
82,1.368033,True,Squash-Line-Calling,0.455026,1361.000,418.000,10.000,8.000,1356.000,414.000,1366.000,422.000
83,1.384717,True,Squash-Line-Calling,0.545463,1374.000,422.000,8.000,8.000,1370.000,418.000,1378.000,426.000
84,1.401400,True,Squash-Line-Calling,0.675988,1385.000,426.000,10.000,8.000,1380.000,422.000,1390.000,430.000
85,1.418083,True,Squash-Line-Calling,0.420980,1398.000,432.000,8.000,8.000,1394.000,428.000,1402.000,436.000
86,1.434767,True,Squash-Line-Calling,0.681622,1411.000,438.000,10.000,8.000,1406.000,434.000,1416.000,442.000
87,1.451450,True,Squash-Line-Calling,0.457108,1426.000,446.000,8.000,8.000,1422.000,442.000,1430.000,450.000
88,1.468133,True,Squash-Line-Calling,0.482719,1441.000,453.000,10.000,6.000,1436.000,450.000,1446.000,456.000
89,1.484817,True,Squash-Line-Calling,0.383453,833.000,22.000,10.000,12.000,828.000,16.000,838.000,28.000
90,1.501500,True,Squash-Line-Calling,0.386650,833.000,22.000,10.000,12.000,828.000,16.000,838.000,28.000
91,1.518183,True,Squash-Line-Calling,0.382178,833.000,22.000,10.000,12.000,828.000,16.000,838.000,28.000
92,1.534867,True,Squash-Line-Calling,0.389245,833.000,22.000,10.000,12.000,828.000,16.000,838.000,28.000
93,1.551550,True,Squash-Line-Calling,0.376281,833.000,22.000,10.000,12.000,828.000,16.000,838.000,28.000
94,1.568233,True,Squash-Line-Calling,0.697318,1554.000,523.000,12.000,10.000,1548.000,518.000,1560.000,528.000
95,1.584917,True,Squash-Line-Calling,0.522723,1578.000,539.000,12.000,10.000,1572.000,534.000,1584.000,544.000
96,1.601600,True,Squash-Line-Calling,0.725660,1604.000,556.000,12.000,12.000,1598.000,550.000,1610.000,562.000
97,1.618283,True,Squash-Line-Calling,0.663421,1631.000,576.000,14.000,12.000,1624.000,570.000,1638.000,582.000
98,1.634967,True,Squash-Line-Calling,0.424081,833.000,22.000,10.000,12.000,828.000,16.000,838.000,28.000
99,1.651650,True,Squash-Line-Calling,0.673510,1692.000,625.000,12.000,10.000,1686.000,620.000,1698.000,630.000
100,1.668333,True,Squash-Line-Calling,0.502971,1727.000,653.000,14.000,14.000,1720.000,646.000,1734.000,660.000
101,1.685017,True,Squash-Line-Calling,0.424168,833.000,22.000,10.000,12.000,828.000,16.000,838.000,28.000
102,1.701700,True,Squash-Line-Calling,0.749839,1812.000,719.000,16.000,18.000,1804.000,710.000,1820.000,728.000
103,1.718383,True,Squash-Line-Calling,0.794254,1860.000,759.000,20.000,18.000,1850.000,750.000,1870.000,768.000
104,1.735067,True,Squash-Line-Calling,0.434987,833.000,21.000,10.000,10.000,828.000,16.000,838.000,26.000
105,1.751750,True,Squash-Line-Calling,0.437096,833.000,21.000,10.000,10.000,828.000,16.000,838.000,26.000
106,1.768433,True,Squash-Line-Calling,0.440946,833.000,21.000,10.000,10.000,828.000,16.000,838.000,26.000
107,1.785117,True,Squash-Line-Calling,0.437352,833.000,21.000,10.000,10.000,828.000,16.000,838.000,26.000
108,1.801800,True,Squash-Line-Calling,0.435623,833.000,21.000,10.000,10.000,828.000,16.000,838.000,26.000
109,1.818483,True,Squash-Line-Calling,0.431610,833.000,21.000,10.000,10.000,828.000,16.000,838.000,26.000
110,1.835167,True,Squash-Line-Calling,0.428112,833.000,21.000,10.000,10.000,828.000,16.000,838.000,26.000
111,1.851850,True,Squash-Line-Calling,0.603142,1628.000,577.000,12.000,10.000,1622.000,572.000,1634.000,582.000
112,1.868533,True,Squash-Line-Calling,0.523578,1623.000,568.000,10.000,12.000,1618.000,562.000,1628.000,574.000
113,1.885217,True,Squash-Line-Calling,0.662486,1617.000,561.000,10.000,10.000,1612.000,556.000,1622.000,566.000
114,1.901900,True,Squash-Line-Calling,0.466672,1579.000,652.000,22.000,20.000,1568.000,642.000,1590.000,662.000
115,1.918583,True,Squash-Line-Calling,0.437014,1606.000,551.000,12.000,10.000,1600.000,546.000,1612.000,556.000
116,1.935267,True,Squash-Line-Calling,0.420890,1599.000,546.000,10.000,12.000,1594.000,540.000,1604.000,552.000
117,1.951950,True,Squash-Line-Calling,0.434575,833.000,21.000,10.000,10.000,828.000,16.000,838.000,26.000
118,1.968633,True,Squash-Line-Calling,0.669195,1879.000,901.000,14.000,14.000,1872.000,894.000,1886.000,908.000
119,1.985317,True,Squash-Line-Calling,0.691027,1859.000,884.000,14.000,16.000,1852.000,876.000,1866.000,892.000
120,2.002000,True,Squash-Line-Calling,0.603300,1838.000,869.000,16.000,14.000,1830.000,862.000,1846.000,876.000
121,2.018683,True,Squash-Line-Calling,0.413387,833.000,21.000,10.000,10.000,828.000,16.000,838.000,26.000
122,2.035367,True,Squash-Line-Calling,0.433683,833.000,21.000,10.000,10.000,828.000,16.000,838.000,26.000
123,2.052050,True,Squash-Line-Calling,0.513523,1782.000,833.000,12.000,14.000,1776.000,826.000,1788.000,840.000
124,2.068733,True,Squash-Line-Calling,0.410835,833.000,21.000,10.000,10.000,828.000,16.000,838.000,26.000
125,2.085417,True,Squash-Line-Calling,0.535645,1750.000,816.000,12.000,12.000,1744.000,810.000,1756.000,822.000
126,2.102100,True,Squash-Line-Calling,0.378680,833.000,21.000,10.000,10.000,828.000,16.000,838.000,26.000
127,2.118783,True,Squash-Line-Calling,0.643613,1717.000,803.000,10.000,10.000,1712.000,798.000,1722.000,808.000
128,2.135467,True,Squash-Line-Calling,0.424198,1703.000,797.000,10.000,10.000,1698.000,792.000,1708.000,802.000
129,2.152150,True,Squash-Line-Calling,0.611306,1688.000,793.000,12.000,10.000,1682.000,788.000,1694.000,798.000
130,2.168833,True,Squash-Line-Calling,0.437533,1676.000,789.000,12.000,10.000,1670.000,784.000,1682.000,794.000
131,2.185517,True,Squash-Line-Calling,0.449103,1662.000,786.000,12.000,12.000,1656.000,780.000,1668.000,792.000
132,2.202200,True,Squash-Line-Calling,0.377610,833.000,22.000,10.000,12.000,828.000,16.000,838.000,28.000
133,2.218883,True,Squash-Line-Calling,0.350371,833.000,21.000,10.000,10.000,828.000,16.000,838.000,26.000
134,2.235567,True,Squash-Line-Calling,0.373402,876.000,966.000,12.000,16.000,870.000,958.000,882.000,974.000
135,2.252250,True,Squash-Line-Calling,0.377334,876.000,966.000,12.000,16.000,870.000,958.000,882.000,974.000
136,2.268933,True,Squash-Line-Calling,0.353015,833.000,22.000,10.000,12.000,828.000,16.000,838.000,28.000
137,2.285617,True,Squash-Line-Calling,0.355481,833.000,22.000,10.000,12.000,828.000,16.000,838.000,28.000
138,2.302300,True,Squash-Line-Calling,0.355203,833.000,22.000,10.000,12.000,828.000,16.000,838.000,28.000
139,2.318983,True,Squash-Line-Calling,0.352103,833.000,22.000,10.000,12.000,828.000,16.000,838.000,28.000
140,2.335667,True,Squash-Line-Calling,0.364444,833.000,21.000,10.000,10.000,828.000,16.000,838.000,26.000
141,2.352350,True,Squash-Line-Calling,0.361228,833.000,21.000,10.000,10.000,828.000,16.000,838.000,26.000
142,2.369033,True,Squash-Line-Calling,0.372808,833.000,21.000,10.000,10.000,828.000,16.000,838.000,26.000
143,2.385717,True,Squash-Line-Calling,0.365924,833.000,21.000,10.000,10.000,828.000,16.000,838.000,26.000
144,2.402400,True,Squash-Line-Calling,0.357418,833.000,21.000,10.000,10.000,828.000,16.000,838.000,26.000
145,2.419083,True,Squash-Line-Calling,0.382133,833.000,21.000,10.000,10.000,828.000,16.000,838.000,26.000
146,2.435767,True,Squash-Line-Calling,0.392787,833.000,21.000,10.000,10.000,828.000,16.000,838.000,26.000
147,2.452450,True,Squash-Line-Calling,0.389399,833.000,21.000,10.000,10.000,828.000,16.000,838.000,26.000
148,2.469133,True,Squash-Line-Calling,0.393510,833.000,21.000,10.000,10.000,828.000,16.000,838.000,26.000
149,2.485817,True,Squash-Line-Calling,0.385619,833.000,21.000,10.000,10.000,828.000,16.000,838.000,26.000
150,2.502500,True,Squash-Line-Calling,0.407270,833.000,21.000,10.000,10.000,828.000,16.000,838.000,26.000
151,2.519183,True,Squash-Line-Calling,0.366222,833.000,21.000,10.000,10.000,828.000,16.000,838.000,26.000
152,2.535867,True,Squash-Line-Calling,0.362681,833.000,21.000,10.000,10.000,828.000,16.000,838.000,26.000
153,2.552550,True,Squash-Line-Calling,0.362292,833.000,21.000,10.000,10.000,828.000,16.000,838.000,26.000
154,2.569233,True,Squash-Line-Calling,0.333919,833.000,21.000,10.000,10.000,828.000,16.000,838.000,26.000
155,2.585917,False,,,,,,,,,,
156,2.602600,False,,,,,,,,,,
157,2.619283,False,,,,,,,,,,
158,2.635967,False,,,,,,,,,,
159,2.652650,False,,,,,,,,,,
160,2.669333,False,,,,,,,,,,
161,2.686017,True,Squash-Line-Calling,0.252019,833.000,21.000,10.000,10.000,828.000,16.000,838.000,26.000
162,2.702700,False,,,,,,,,,,
163,2.719383,True,Squash-Line-Calling,0.251156,833.000,21.000,10.000,10.000,828.000,16.000,838.000,26.000
164,2.736067,False,,,,,,,,,,
165,2.752750,True,Squash-Line-Calling,0.250634,833.000,21.000,10.000,10.000,828.000,16.000,838.000,26.000
166,2.769433,True,Squash-Line-Calling,0.251630,833.000,21.000,10.000,10.000,828.000,16.000,838.000,26.000
167,2.786117,False,,,,,,,,,,
168,2.802800,True,Squash-Line-Calling,0.259015,1246.000,426.000,8.000,8.000,1242.000,422.000,1250.000,430.000
169,2.819483,False,,,,,,,,,,
170,2.836167,True,Squash-Line-Calling,0.651172,1257.000,426.000,10.000,8.000,1252.000,422.000,1262.000,430.000
171,2.852850,True,Squash-Line-Calling,0.267796,833.000,21.000,10.000,10.000,828.000,16.000,838.000,26.000
172,2.869533,True,Squash-Line-Calling,0.275264,833.000,21.000,10.000,10.000,828.000,16.000,838.000,26.000
173,2.886217,True,Squash-Line-Calling,0.263853,833.000,21.000,10.000,10.000,828.000,16.000,838.000,26.000
174,2.902900,True,Squash-Line-Calling,0.288534,833.000,21.000,10.000,10.000,828.000,16.000,838.000,26.000
175,2.919583,True,Squash-Line-Calling,0.394418,1288.000,432.000,8.000,8.000,1284.000,428.000,1292.000,436.000
176,2.936267,True,Squash-Line-Calling,0.485804,1296.000,434.000,8.000,8.000,1292.000,430.000,1300.000,438.000
177,2.952950,True,Squash-Line-Calling,0.565889,1302.000,437.000,8.000,10.000,1298.000,432.000,1306.000,442.000
178,2.969633,True,Squash-Line-Calling,0.581545,1310.000,440.000,8.000,8.000,1306.000,436.000,1314.000,444.000
179,2.986317,True,Squash-Line-Calling,0.508496,1318.000,443.000,8.000,6.000,1314.000,440.000,1322.000,446.000
180,3.003000,True,Squash-Line-Calling,0.546639,1326.000,446.000,8.000,8.000,1322.000,442.000,1330.000,450.000
181,3.019683,True,Squash-Line-Calling,0.476294,1334.000,451.000,8.000,6.000,1330.000,448.000,1338.000,454.000
182,3.036367,True,Squash-Line-Calling,0.550951,1343.000,456.000,10.000,8.000,1338.000,452.000,1348.000,460.000
183,3.053050,True,Squash-Line-Calling,0.638002,1352.000,462.000,8.000,8.000,1348.000,458.000,1356.000,466.000
184,3.069733,True,Squash-Line-Calling,0.644552,1362.000,468.000,8.000,8.000,1358.000,464.000,1366.000,472.000
185,3.086417,True,Squash-Line-Calling,0.557924,1372.000,475.000,8.000,10.000,1368.000,470.000,1376.000,480.000
186,3.103100,True,Squash-Line-Calling,0.460998,1383.000,482.000,10.000,8.000,1378.000,478.000,1388.000,486.000
187,3.119783,True,Squash-Line-Calling,0.404074,1393.000,491.000,10.000,6.000,1388.000,488.000,1398.000,494.000
188,3.136467,True,Squash-Line-Calling,0.631596,1405.000,500.000,10.000,8.000,1400.000,496.000,1410.000,504.000
189,3.153150,True,Squash-Line-Calling,0.309164,833.000,21.000,10.000,10.000,828.000,16.000,838.000,26.000
190,3.169833,True,Squash-Line-Calling,0.315820,833.000,21.000,10.000,10.000,828.000,16.000,838.000,26.000
191,3.186517,True,Squash-Line-Calling,0.320101,833.000,21.000,10.000,10.000,828.000,16.000,838.000,26.000
192,3.203200,True,Squash-Line-Calling,0.324041,833.000,21.000,10.000,10.000,828.000,16.000,838.000,26.000
193,3.219883,True,Squash-Line-Calling,0.319642,833.000,21.000,10.000,10.000,828.000,16.000,838.000,26.000
194,3.236567,True,Squash-Line-Calling,0.316339,833.000,21.000,10.000,10.000,828.000,16.000,838.000,26.000
195,3.253250,True,Squash-Line-Calling,0.326597,833.000,21.000,10.000,10.000,828.000,16.000,838.000,26.000
196,3.269933,True,Squash-Line-Calling,0.316337,833.000,21.000,10.000,10.000,828.000,16.000,838.000,26.000
197,3.286617,True,Squash-Line-Calling,0.309513,833.000,21.000,10.000,10.000,828.000,16.000,838.000,26.000
198,3.303300,True,Squash-Line-Calling,0.311302,833.000,21.000,10.000,10.000,828.000,16.000,838.000,26.000
199,3.319983,True,Squash-Line-Calling,0.302605,833.000,21.000,10.000,10.000,828.000,16.000,838.000,26.000
200,3.336667,True,Squash-Line-Calling,0.290010,833.000,21.000,10.000,10.000,828.000,16.000,838.000,26.000
201,3.353350,True,Squash-Line-Calling,0.289241,833.000,21.000,10.000,10.000,828.000,16.000,838.000,26.000
202,3.370033,True,Squash-Line-Calling,0.290665,833.000,21.000,10.000,10.000,828.000,16.000,838.000,26.000
203,3.386717,True,Squash-Line-Calling,0.295454,833.000,21.000,10.000,10.000,828.000,16.000,838.000,26.000
204,3.403400,True,Squash-Line-Calling,0.296595,833.000,21.000,10.000,10.000,828.000,16.000,838.000,26.000
205,3.420083,True,Squash-Line-Calling,0.295938,833.000,21.000,10.000,10.000,828.000,16.000,838.000,26.000
206,3.436767,True,Squash-Line-Calling,0.292389,833.000,21.000,10.000,10.000,828.000,16.000,838.000,26.000
207,3.453450,True,Squash-Line-Calling,0.288650,833.000,21.000,10.000,10.000,828.000,16.000,838.000,26.000
208,3.470133,True,Squash-Line-Calling,0.296668,833.000,21.000,10.000,10.000,828.000,16.000,838.000,26.000
209,3.486817,True,Squash-Line-Calling,0.292622,833.000,21.000,10.000,10.000,828.000,16.000,838.000,26.000
210,3.503500,False,,,,,,,,,,
211,3.520183,True,Squash-Line-Calling,0.261987,833.000,22.000,10.000,12.000,828.000,16.000,838.000,28.000
212,3.536867,True,Squash-Line-Calling,0.252736,833.000,22.000,10.000,12.000,828.000,16.000,838.000,28.000
213,3.553550,True,Squash-Line-Calling,0.254025,833.000,22.000,10.000,12.000,828.000,16.000,838.000,28.000
214,3.570233,True,Squash-Line-Calling,0.259364,833.000,22.000,10.000,12.000,828.000,16.000,838.000,28.000
215,3.586917,True,Squash-Line-Calling,0.261870,833.000,22.000,10.000,12.000,828.000,16.000,838.000,28.000
216,3.603600,True,Squash-Line-Calling,0.267640,833.000,22.000,10.000,12.000,828.000,16.000,838.000,28.000
217,3.620283,True,Squash-Line-Calling,0.268453,833.000,22.000,10.000,12.000,828.000,16.000,838.000,28.000
218,3.636967,True,Squash-Line-Calling,0.271755,833.000,22.000,10.000,12.000,828.000,16.000,838.000,28.000
219,3.653650,True,Squash-Line-Calling,0.266783,833.000,22.000,10.000,12.000,828.000,16.000,838.000,28.000
220,3.670333,True,Squash-Line-Calling,0.269598,833.000,22.000,10.000,12.000,828.000,16.000,838.000,28.000
221,3.687017,True,Squash-Line-Calling,0.272946,833.000,22.000,10.000,12.000,828.000,16.000,838.000,28.000
222,3.703700,True,Squash-Line-Calling,0.274963,833.000,22.000,10.000,12.000,828.000,16.000,838.000,28.000
223,3.720383,True,Squash-Line-Calling,0.276091,833.000,22.000,10.000,12.000,828.000,16.000,838.000,28.000
224,3.737067,True,Squash-Line-Calling,0.276882,833.000,22.000,10.000,12.000,828.000,16.000,838.000,28.000
225,3.753750,True,Squash-Line-Calling,0.275835,833.000,22.000,10.000,12.000,828.000,16.000,838.000,28.000
226,3.770433,True,Squash-Line-Calling,0.281367,833.000,22.000,10.000,12.000,828.000,16.000,838.000,28.000
227,3.787117,True,Squash-Line-Calling,0.260834,833.000,22.000,10.000,12.000,828.000,16.000,838.000,28.000
228,3.803800,True,Squash-Line-Calling,0.272449,833.000,22.000,10.000,12.000,828.000,16.000,838.000,28.000
229,3.820483,True,Squash-Line-Calling,0.258026,833.000,22.000,10.000,12.000,828.000,16.000,838.000,28.000
230,3.837167,True,Squash-Line-Calling,0.263230,833.000,22.000,10.000,12.000,828.000,16.000,838.000,28.000
231,3.853850,True,Squash-Line-Calling,0.277363,833.000,22.000,10.000,12.000,828.000,16.000,838.000,28.000
232,3.870533,True,Squash-Line-Calling,0.273585,833.000,22.000,10.000,12.000,828.000,16.000,838.000,28.000
233,3.887217,True,Squash-Line-Calling,0.278758,833.000,22.000,10.000,12.000,828.000,16.000,838.000,28.000
234,3.903900,False,,,,,,,,,,
235,3.920583,True,Squash-Line-Calling,0.368507,644.000,661.000,8.000,6.000,640.000,658.000,648.000,664.000
236,3.937267,False,,,,,,,,,,
237,3.953950,True,Squash-Line-Calling,0.419984,608.000,686.000,8.000,8.000,604.000,682.000,612.000,690.000
238,3.970633,True,Squash-Line-Calling,0.373457,589.000,700.000,10.000,8.000,584.000,696.000,594.000,704.000
239,3.987317,True,Squash-Line-Calling,0.450259,569.000,716.000,10.000,8.000,564.000,712.000,574.000,720.000
240,4.004000,True,Squash-Line-Calling,0.281134,833.000,22.000,10.000,12.000,828.000,16.000,838.000,28.000
241,4.020683,True,Squash-Line-Calling,0.507239,544.000,709.000,8.000,6.000,540.000,706.000,548.000,712.000
242,4.037367,True,Squash-Line-Calling,0.365522,533.000,705.000,6.000,6.000,530.000,702.000,536.000,708.000
243,4.054050,True,Squash-Line-Calling,0.387710,520.000,702.000,8.000,8.000,516.000,698.000,524.000,706.000
244,4.070733,True,Squash-Line-Calling,0.375602,508.000,698.000,8.000,8.000,504.000,694.000,512.000,702.000
245,4.087417,True,Squash-Line-Calling,0.644693,495.000,694.000,10.000,8.000,490.000,690.000,500.000,698.000
246,4.104100,True,Squash-Line-Calling,0.594638,485.000,691.000,10.000,10.000,480.000,686.000,490.000,696.000
247,4.120783,True,Squash-Line-Calling,0.323000,484.000,686.000,8.000,8.000,480.000,682.000,488.000,690.000
248,4.137467,True,Squash-Line-Calling,0.451750,484.000,682.000,8.000,8.000,480.000,678.000,488.000,686.000
249,4.154150,True,Squash-Line-Calling,0.472817,484.000,678.000,8.000,8.000,480.000,674.000,488.000,682.000
250,4.170833,True,Squash-Line-Calling,0.267054,833.000,22.000,10.000,12.000,828.000,16.000,838.000,28.000
251,4.187517,True,Squash-Line-Calling,0.261941,833.000,22.000,10.000,12.000,828.000,16.000,838.000,28.000
252,4.204200,True,Squash-Line-Calling,0.284244,484.000,666.000,8.000,8.000,480.000,662.000,488.000,670.000
253,4.220883,True,Squash-Line-Calling,0.273783,833.000,22.000,10.000,12.000,828.000,16.000,838.000,28.000
254,4.237567,True,Squash-Line-Calling,0.255091,833.000,22.000,10.000,12.000,828.000,16.000,838.000,28.000
255,4.254250,False,,,,,,,,,,
256,4.270933,False,,,,,,,,,,
257,4.287617,True,Squash-Line-Calling,0.580985,479.000,659.000,10.000,10.000,474.000,654.000,484.000,664.000
258,4.304300,True,Squash-Line-Calling,0.638876,479.000,658.000,10.000,12.000,474.000,652.000,484.000,664.000
259,4.320983,True,Squash-Line-Calling,0.634119,479.000,657.000,10.000,10.000,474.000,652.000,484.000,662.000
260,4.337667,True,Squash-Line-Calling,0.644998,479.000,657.000,10.000,10.000,474.000,652.000,484.000,662.000
261,4.354350,True,Squash-Line-Calling,0.652489,479.000,658.000,10.000,8.000,474.000,654.000,484.000,662.000
262,4.371033,True,Squash-Line-Calling,0.634690,477.000,659.000,10.000,10.000,472.000,654.000,482.000,664.000
263,4.387717,True,Squash-Line-Calling,0.421477,477.000,661.000,10.000,10.000,472.000,656.000,482.000,666.000
264,4.404400,True,Squash-Line-Calling,0.664808,477.000,663.000,10.000,10.000,472.000,658.000,482.000,668.000
265,4.421083,True,Squash-Line-Calling,0.708138,475.000,665.000,10.000,10.000,470.000,660.000,480.000,670.000
266,4.437767,True,Squash-Line-Calling,0.718749,475.000,669.000,10.000,10.000,470.000,664.000,480.000,674.000
267,4.454450,True,Squash-Line-Calling,0.529565,474.000,673.000,12.000,10.000,468.000,668.000,480.000,678.000
268,4.471133,True,Squash-Line-Calling,0.721383,473.000,678.000,10.000,12.000,468.000,672.000,478.000,684.000
269,4.487817,True,Squash-Line-Calling,0.714437,473.000,683.000,10.000,10.000,468.000,678.000,478.000,688.000
270,4.504500,True,Squash-Line-Calling,0.582875,473.000,689.000,10.000,10.000,468.000,684.000,478.000,694.000
271,4.521183,True,Squash-Line-Calling,0.439814,471.000,695.000,10.000,10.000,466.000,690.000,476.000,700.000
272,4.537867,True,Squash-Line-Calling,0.313417,833.000,22.000,10.000,12.000,828.000,16.000,838.000,28.000
273,4.554550,True,Squash-Line-Calling,0.308987,833.000,22.000,10.000,12.000,828.000,16.000,838.000,28.000
274,4.571233,True,Squash-Line-Calling,0.301162,833.000,22.000,10.000,12.000,828.000,16.000,838.000,28.000
275,4.587917,True,Squash-Line-Calling,0.270433,833.000,22.000,10.000,12.000,828.000,16.000,838.000,28.000
276,4.604600,True,Squash-Line-Calling,0.261961,833.000,22.000,10.000,12.000,828.000,16.000,838.000,28.000
277,4.621283,True,Squash-Line-Calling,0.261221,833.000,22.000,10.000,12.000,828.000,16.000,838.000,28.000
278,4.637967,True,Squash-Line-Calling,0.258031,833.000,22.000,10.000,12.000,828.000,16.000,838.000,28.000
279,4.654650,False,,,,,,,,,,
280,4.671333,True,Squash-Line-Calling,0.257043,833.000,22.000,10.000,12.000,828.000,16.000,838.000,28.000
281,4.688017,True,Squash-Line-Calling,0.256005,833.000,22.000,10.000,12.000,828.000,16.000,838.000,28.000
282,4.704700,True,Squash-Line-Calling,0.250967,833.000,22.000,10.000,12.000,828.000,16.000,838.000,28.000
283,4.721383,True,Squash-Line-Calling,0.286926,833.000,22.000,10.000,12.000,828.000,16.000,838.000,28.000
284,4.738067,True,Squash-Line-Calling,0.263878,833.000,22.000,10.000,12.000,828.000,16.000,838.000,28.000
285,4.754750,True,Squash-Line-Calling,0.297852,833.000,22.000,10.000,12.000,828.000,16.000,838.000,28.000
286,4.771433,True,Squash-Line-Calling,0.276473,833.000,22.000,10.000,12.000,828.000,16.000,838.000,28.000
287,4.788117,True,Squash-Line-Calling,0.280214,833.000,22.000,10.000,12.000,828.000,16.000,838.000,28.000
288,4.804800,True,Squash-Line-Calling,0.307690,833.000,22.000,10.000,12.000,828.000,16.000,838.000,28.000
289,4.821483,True,Squash-Line-Calling,0.301273,833.000,22.000,10.000,12.000,828.000,16.000,838.000,28.000
290,4.838167,True,Squash-Line-Calling,0.321688,833.000,22.000,10.000,12.000,828.000,16.000,838.000,28.000
291,4.854850,True,Squash-Line-Calling,0.299850,833.000,22.000,10.000,12.000,828.000,16.000,838.000,28.000
292,4.871533,True,Squash-Line-Calling,0.320937,833.000,22.000,10.000,12.000,828.000,16.000,838.000,28.000
293,4.888217,True,Squash-Line-Calling,0.298810,833.000,22.000,10.000,12.000,828.000,16.000,838.000,28.000
294,4.904900,True,Squash-Line-Calling,0.295335,833.000,22.000,10.000,12.000,828.000,16.000,838.000,28.000
295,4.921583,False,,,,,,,,,,
296,4.938267,False,,,,,,,,,,
297,4.954950,True,Squash-Line-Calling,0.306571,833.000,22.000,10.000,12.000,828.000,16.000,838.000,28.000
298,4.971633,True,Squash-Line-Calling,0.309460,833.000,22.000,10.000,12.000,828.000,16.000,838.000,28.000
299,4.988317,True,Squash-Line-Calling,0.304900,833.000,22.000,10.000,12.000,828.000,16.000,838.000,28.000
300,5.005000,True,Squash-Line-Calling,0.297661,833.000,22.000,10.000,12.000,828.000,16.000,838.000,28.000
301,5.021683,True,Squash-Line-Calling,0.300510,833.000,22.000,10.000,12.000,828.000,16.000,838.000,28.000
302,5.038367,True,Squash-Line-Calling,0.300544,833.000,22.000,10.000,12.000,828.000,16.000,838.000,28.000
303,5.055050,True,Squash-Line-Calling,0.299657,833.000,22.000,10.000,12.000,828.000,16.000,838.000,28.000
304,5.071733,True,Squash-Line-Calling,0.299706,833.000,22.000,10.000,12.000,828.000,16.000,838.000,28.000
305,5.088417,False,,,,,,,,,,
306,5.105100,False,,,,,,,,,,
307,5.121783,False,,,,,,,,,,
308,5.138467,False,,,,,,,,,,
309,5.155150,False,,,,,,,,,,
310,5.171833,False,,,,,,,,,,
311,5.188517,False,,,,,,,,,,
312,5.205200,False,,,,,,,,,,
313,5.221883,False,,,,,,,,,,
314,5.238567,True,Squash-Line-Calling,0.272373,833.000,22.000,10.000,12.000,828.000,16.000,838.000,28.000
315,5.255250,False,,,,,,,,,,
316,5.271933,False,,,,,,,,,,
317,5.288617,False,,,,,,,,,,
318,5.305300,False,,,,,,,,,,
319,5.321983,False,,,,,,,,,,
320,5.338667,True,Squash-Line-Calling,0.482533,689.000,399.000,10.000,10.000,684.000,394.000,694.000,404.000
321,5.355350,True,Squash-Line-Calling,0.539263,683.000,399.000,10.000,10.000,678.000,394.000,688.000,404.000
322,5.372033,True,Squash-Line-Calling,0.462495,678.000,400.000,8.000,8.000,674.000,396.000,682.000,404.000
323,5.388717,True,Squash-Line-Calling,0.458898,672.000,400.000,8.000,8.000,668.000,396.000,676.000,404.000
324,5.405400,True,Squash-Line-Calling,0.559872,666.000,400.000,8.000,8.000,662.000,396.000,670.000,404.000
325,5.422083,True,Squash-Line-Calling,0.529320,659.000,402.000,10.000,8.000,654.000,398.000,664.000,406.000
326,5.438767,False,,,,,,,,,,
327,5.455450,True,Squash-Line-Calling,0.442922,646.000,405.000,8.000,6.000,642.000,402.000,650.000,408.000
328,5.472133,True,Squash-Line-Calling,0.617622,638.000,408.000,8.000,8.000,634.000,404.000,642.000,412.000
329,5.488817,True,Squash-Line-Calling,0.573921,630.000,410.000,8.000,8.000,626.000,406.000,634.000,414.000
330,5.505500,True,Squash-Line-Calling,0.604793,621.000,414.000,10.000,8.000,616.000,410.000,626.000,418.000
331,5.522183,True,Squash-Line-Calling,0.482496,613.000,417.000,10.000,10.000,608.000,412.000,618.000,422.000
332,5.538867,True,Squash-Line-Calling,0.600280,604.000,421.000,8.000,10.000,600.000,416.000,608.000,426.000
333,5.555550,True,Squash-Line-Calling,0.691638,594.000,426.000,8.000,8.000,590.000,422.000,598.000,430.000
334,5.572233,True,Squash-Line-Calling,0.574482,584.000,432.000,8.000,8.000,580.000,428.000,588.000,436.000
335,5.588917,True,Squash-Line-Calling,0.565591,575.000,438.000,10.000,8.000,570.000,434.000,580.000,442.000
336,5.605600,True,Squash-Line-Calling,0.627691,563.000,446.000,10.000,8.000,558.000,442.000,568.000,450.000
337,5.622283,True,Squash-Line-Calling,0.552898,552.000,454.000,8.000,8.000,548.000,450.000,556.000,458.000
338,5.638967,True,Squash-Line-Calling,0.724666,541.000,464.000,10.000,8.000,536.000,460.000,546.000,468.000
339,5.655650,True,Squash-Line-Calling,0.547761,527.000,472.000,10.000,8.000,522.000,468.000,532.000,476.000
340,5.672333,True,Squash-Line-Calling,0.594368,513.000,484.000,10.000,8.000,508.000,480.000,518.000,488.000
341,5.689017,True,Squash-Line-Calling,0.664496,499.000,495.000,10.000,10.000,494.000,490.000,504.000,500.000
342,5.705700,True,Squash-Line-Calling,0.420661,484.000,509.000,8.000,10.000,480.000,504.000,488.000,514.000
343,5.722383,True,Squash-Line-Calling,0.641100,468.000,524.000,12.000,8.000,462.000,520.000,474.000,528.000
344,5.739067,True,Squash-Line-Calling,0.716129,451.000,541.000,10.000,10.000,446.000,536.000,456.000,546.000
345,5.755750,True,Squash-Line-Calling,0.724449,431.000,558.000,14.000,12.000,424.000,552.000,438.000,564.000
346,5.772433,True,Squash-Line-Calling,0.484253,411.000,578.000,10.000,12.000,406.000,572.000,416.000,584.000
347,5.789117,True,Squash-Line-Calling,0.701738,389.000,600.000,14.000,12.000,382.000,594.000,396.000,606.000
348,5.805800,True,Squash-Line-Calling,0.740857,366.000,625.000,12.000,14.000,360.000,618.000,372.000,632.000
349,5.822483,True,Squash-Line-Calling,0.603371,340.000,653.000,12.000,14.000,334.000,646.000,346.000,660.000
350,5.839167,True,Squash-Line-Calling,0.591959,312.000,683.000,12.000,14.000,306.000,676.000,318.000,690.000
351,5.855850,True,Squash-Line-Calling,0.713732,281.000,718.000,18.000,16.000,272.000,710.000,290.000,726.000
352,5.872533,True,Squash-Line-Calling,0.358231,833.000,22.000,10.000,12.000,828.000,16.000,838.000,28.000
353,5.889217,True,Squash-Line-Calling,0.357057,833.000,22.000,10.000,12.000,828.000,16.000,838.000,28.000
354,5.905900,True,Squash-Line-Calling,0.355852,833.000,22.000,10.000,12.000,828.000,16.000,838.000,28.000
355,5.922583,True,Squash-Line-Calling,0.350004,833.000,22.000,10.000,12.000,828.000,16.000,838.000,28.000
356,5.939267,True,Squash-Line-Calling,0.438560,74.000,964.000,20.000,20.000,64.000,954.000,84.000,974.000
357,5.955950,True,Squash-Line-Calling,0.767451,17.000,1035.000,22.000,26.000,6.000,1022.000,28.000,1048.000
358,5.972633,True,Squash-Line-Calling,0.351960,833.000,22.000,10.000,12.000,828.000,16.000,838.000,28.000
359,5.989317,True,Squash-Line-Calling,0.353815,833.000,22.000,10.000,12.000,828.000,16.000,838.000,28.000
360,6.006000,True,Squash-Line-Calling,0.334151,833.000,22.000,10.000,12.000,828.000,16.000,838.000,28.000
361,6.022683,True,Squash-Line-Calling,0.398193,833.000,22.000,10.000,12.000,828.000,16.000,838.000,28.000
362,6.039367,True,Squash-Line-Calling,0.370125,833.000,22.000,10.000,12.000,828.000,16.000,838.000,28.000
363,6.056050,True,Squash-Line-Calling,0.404895,74.000,1018.000,16.000,16.000,66.000,1010.000,82.000,1026.000
364,6.072733,True,Squash-Line-Calling,0.440219,91.000,996.000,10.000,12.000,86.000,990.000,96.000,1002.000
365,6.089417,True,Squash-Line-Calling,0.340446,833.000,22.000,10.000,12.000,828.000,16.000,838.000,28.000
366,6.106100,True,Squash-Line-Calling,0.596938,138.000,950.000,16.000,16.000,130.000,942.000,146.000,958.000
367,6.122783,True,Squash-Line-Calling,0.342338,833.000,22.000,10.000,12.000,828.000,16.000,838.000,28.000
368,6.139467,True,Squash-Line-Calling,0.338843,833.000,22.000,10.000,12.000,828.000,16.000,838.000,28.000
369,6.156150,True,Squash-Line-Calling,0.345761,833.000,22.000,10.000,12.000,828.000,16.000,838.000,28.000
370,6.172833,True,Squash-Line-Calling,0.338110,833.000,22.000,10.000,12.000,828.000,16.000,838.000,28.000
371,6.189517,True,Squash-Line-Calling,0.338988,833.000,22.000,10.000,12.000,828.000,16.000,838.000,28.000
372,6.206200,True,Squash-Line-Calling,0.252438,833.000,22.000,10.000,12.000,828.000,16.000,838.000,28.000
373,6.222883,True,Squash-Line-Calling,0.324372,833.000,22.000,10.000,12.000,828.000,16.000,838.000,28.000
374,6.239567,True,Squash-Line-Calling,0.315854,833.000,22.000,10.000,12.000,828.000,16.000,838.000,28.000
375,6.256250,True,Squash-Line-Calling,0.319997,833.000,22.000,10.000,12.000,828.000,16.000,838.000,28.000
376,6.272933,True,Squash-Line-Calling,0.275993,833.000,22.000,10.000,12.000,828.000,16.000,838.000,28.000
377,6.289617,True,Squash-Line-Calling,0.559907,306.000,825.000,12.000,10.000,300.000,820.000,312.000,830.000
378,6.306300,True,Squash-Line-Calling,0.574082,318.000,820.000,12.000,8.000,312.000,816.000,324.000,824.000
379,6.322983,True,Squash-Line-Calling,0.585065,329.000,817.000,10.000,10.000,324.000,812.000,334.000,822.000
380,6.339667,True,Squash-Line-Calling,0.604074,341.000,813.000,10.000,10.000,336.000,808.000,346.000,818.000
381,6.356350,True,Squash-Line-Calling,0.653799,350.000,812.000,12.000,8.000,344.000,808.000,356.000,816.000
382,6.373033,True,Squash-Line-Calling,0.356112,361.000,812.000,10.000,8.000,356.000,808.000,366.000,816.000
383,6.389717,True,Squash-Line-Calling,0.642299,371.000,812.000,10.000,8.000,366.000,808.000,376.000,816.000
384,6.406400,True,Squash-Line-Calling,0.323999,379.000,810.000,10.000,8.000,374.000,806.000,384.000,814.000
385,6.423083,True,Squash-Line-Calling,0.307580,833.000,22.000,10.000,12.000,828.000,16.000,838.000,28.000
386,6.439767,True,Squash-Line-Calling,0.551260,422.000,787.000,12.000,10.000,416.000,782.000,428.000,792.000
387,6.456450,True,Squash-Line-Calling,0.593796,449.000,769.000,10.000,10.000,444.000,764.000,454.000,774.000
388,6.473133,True,Squash-Line-Calling,0.391319,475.000,754.000,10.000,8.000,470.000,750.000,480.000,758.000
389,6.489817,True,Squash-Line-Calling,0.342330,833.000,22.000,10.000,12.000,828.000,16.000,838.000,28.000
390,6.506500,True,Squash-Line-Calling,0.306750,833.000,22.000,10.000,12.000,828.000,16.000,838.000,28.000
391,6.523183,True,Squash-Line-Calling,0.322194,833.000,22.000,10.000,12.000,828.000,16.000,838.000,28.000
392,6.539867,True,Squash-Line-Calling,0.331773,833.000,22.000,10.000,12.000,828.000,16.000,838.000,28.000
393,6.556550,True,Squash-Line-Calling,0.320707,833.000,22.000,10.000,12.000,828.000,16.000,838.000,28.000
394,6.573233,True,Squash-Line-Calling,0.317248,833.000,22.000,10.000,12.000,828.000,16.000,838.000,28.000
395,6.589917,True,Squash-Line-Calling,0.330604,833.000,22.000,10.000,12.000,828.000,16.000,838.000,28.000
396,6.606600,True,Squash-Line-Calling,0.328109,833.000,22.000,10.000,12.000,828.000,16.000,838.000,28.000
397,6.623283,True,Squash-Line-Calling,0.325612,833.000,22.000,10.000,12.000,828.000,16.000,838.000,28.000
398,6.639967,True,Squash-Line-Calling,0.324520,833.000,22.000,10.000,12.000,828.000,16.000,838.000,28.000
399,6.656650,True,Squash-Line-Calling,0.333225,833.000,22.000,10.000,12.000,828.000,16.000,838.000,28.000
400,6.673333,True,Squash-Line-Calling,0.334353,833.000,22.000,10.000,12.000,828.000,16.000,838.000,28.000
401,6.690017,True,Squash-Line-Calling,0.333601,833.000,22.000,10.000,12.000,828.000,16.000,838.000,28.000
402,6.706700,True,Squash-Line-Calling,0.344043,833.000,22.000,10.000,12.000,828.000,16.000,838.000,28.000
403,6.723383,True,Squash-Line-Calling,0.345483,833.000,22.000,10.000,12.000,828.000,16.000,838.000,28.000
404,6.740067,True,Squash-Line-Calling,0.350072,833.000,22.000,10.000,12.000,828.000,16.000,838.000,28.000
405,6.756750,True,Squash-Line-Calling,0.324339,833.000,22.000,10.000,12.000,828.000,16.000,838.000,28.000
406,6.773433,True,Squash-Line-Calling,0.316074,833.000,22.000,10.000,12.000,828.000,16.000,838.000,28.000
407,6.790117,True,Squash-Line-Calling,0.331895,833.000,22.000,10.000,12.000,828.000,16.000,838.000,28.000
408,6.806800,True,Squash-Line-Calling,0.294396,833.000,22.000,10.000,12.000,828.000,16.000,838.000,28.000
409,6.823483,True,Squash-Line-Calling,0.277361,833.000,22.000,10.000,12.000,828.000,16.000,838.000,28.000
410,6.840167,True,Squash-Line-Calling,0.278448,833.000,22.000,10.000,12.000,828.000,16.000,838.000,28.000
411,6.856850,True,Squash-Line-Calling,0.284767,833.000,22.000,10.000,12.000,828.000,16.000,838.000,28.000
412,6.873533,True,Squash-Line-Calling,0.287639,833.000,22.000,10.000,12.000,828.000,16.000,838.000,28.000
413,6.890217,True,Squash-Line-Calling,0.295307,833.000,22.000,10.000,12.000,828.000,16.000,838.000,28.000
414,6.906900,True,Squash-Line-Calling,0.291002,833.000,22.000,10.000,12.000,828.000,16.000,838.000,28.000
415,6.923583,True,Squash-Line-Calling,0.300311,833.000,22.000,10.000,12.000,828.000,16.000,838.000,28.000
416,6.940267,False,,,,,,,,,,
417,6.956950,True,Squash-Line-Calling,0.276147,833.000,22.000,10.000,12.000,828.000,16.000,838.000,28.000
418,6.973633,False,,,,,,,,,,
419,6.990317,False,,,,,,,,,,
420,7.007000,False,,,,,,,,,,
421,7.023683,False,,,,,,,,,,
422,7.040367,False,,,,,,,,,,
423,7.057050,False,,,,,,,,,,
424,7.073733,True,Squash-Line-Calling,0.299319,833.000,22.000,10.000,12.000,828.000,16.000,838.000,28.000
425,7.090417,True,Squash-Line-Calling,0.307725,833.000,22.000,10.000,12.000,828.000,16.000,838.000,28.000
426,7.107100,True,Squash-Line-Calling,0.307736,833.000,22.000,10.000,12.000,828.000,16.000,838.000,28.000
427,7.123783,True,Squash-Line-Calling,0.299588,833.000,22.000,10.000,12.000,828.000,16.000,838.000,28.000
428,7.140467,True,Squash-Line-Calling,0.306913,833.000,22.000,10.000,12.000,828.000,16.000,838.000,28.000
429,7.157150,True,Squash-Line-Calling,0.306817,833.000,22.000,10.000,12.000,828.000,16.000,838.000,28.000
430,7.173833,True,Squash-Line-Calling,0.308525,833.000,22.000,10.000,12.000,828.000,16.000,838.000,28.000
431,7.190517,True,Squash-Line-Calling,0.311474,833.000,22.000,10.000,12.000,828.000,16.000,838.000,28.000
432,7.207200,True,Squash-Line-Calling,0.314990,833.000,22.000,10.000,12.000,828.000,16.000,838.000,28.000
433,7.223883,True,Squash-Line-Calling,0.316771,833.000,22.000,10.000,12.000,828.000,16.000,838.000,28.000
434,7.240567,True,Squash-Line-Calling,0.320439,833.000,22.000,10.000,12.000,828.000,16.000,838.000,28.000
435,7.257250,True,Squash-Line-Calling,0.320174,833.000,22.000,10.000,12.000,828.000,16.000,838.000,28.000
436,7.273933,True,Squash-Line-Calling,0.316753,833.000,22.000,10.000,12.000,828.000,16.000,838.000,28.000
437,7.290617,True,Squash-Line-Calling,0.328929,833.000,22.000,10.000,12.000,828.000,16.000,838.000,28.000
438,7.307300,True,Squash-Line-Calling,0.326018,833.000,22.000,10.000,12.000,828.000,16.000,838.000,28.000
439,7.323983,True,Squash-Line-Calling,0.325470,833.000,22.000,10.000,12.000,828.000,16.000,838.000,28.000
440,7.340667,True,Squash-Line-Calling,0.325705,833.000,22.000,10.000,12.000,828.000,16.000,838.000,28.000
441,7.357350,True,Squash-Line-Calling,0.334015,833.000,22.000,10.000,12.000,828.000,16.000,838.000,28.000
442,7.374033,True,Squash-Line-Calling,0.334011,833.000,22.000,10.000,12.000,828.000,16.000,838.000,28.000
443,7.390717,True,Squash-Line-Calling,0.338611,833.000,22.000,10.000,12.000,828.000,16.000,838.000,28.000
444,7.407400,True,Squash-Line-Calling,0.346603,833.000,22.000,10.000,12.000,828.000,16.000,838.000,28.000
445,7.424083,True,Squash-Line-Calling,0.348187,833.000,22.000,10.000,12.000,828.000,16.000,838.000,28.000
446,7.440767,True,Squash-Line-Calling,0.348609,833.000,22.000,10.000,12.000,828.000,16.000,838.000,28.000
447,7.457450,True,Squash-Line-Calling,0.333951,833.000,22.000,10.000,12.000,828.000,16.000,838.000,28.000
448,7.474133,True,Squash-Line-Calling,0.341763,833.000,22.000,10.000,12.000,828.000,16.000,838.000,28.000
449,7.490817,True,Squash-Line-Calling,0.323246,833.000,22.000,10.000,12.000,828.000,16.000,838.000,28.000
450,7.507500,True,Squash-Line-Calling,0.333293,833.000,22.000,10.000,12.000,828.000,16.000,838.000,28.000
451,7.524183,True,Squash-Line-Calling,0.335299,833.000,22.000,10.000,12.000,828.000,16.000,838.000,28.000
452,7.540867,True,Squash-Line-Calling,0.337405,833.000,22.000,10.000,12.000,828.000,16.000,838.000,28.000
453,7.557550,True,Squash-Line-Calling,0.315541,833.000,22.000,10.000,12.000,828.000,16.000,838.000,28.000
454,7.574233,True,Squash-Line-Calling,0.351700,833.000,23.000,10.000,10.000,828.000,18.000,838.000,28.000
455,7.590917,True,Squash-Line-Calling,0.331282,833.000,22.000,10.000,12.000,828.000,16.000,838.000,28.000
456,7.607600,True,Squash-Line-Calling,0.323378,833.000,22.000,10.000,12.000,828.000,16.000,838.000,28.000
457,7.624283,True,Squash-Line-Calling,0.325454,833.000,23.000,10.000,10.000,828.000,18.000,838.000,28.000
458,7.640967,True,Squash-Line-Calling,0.322883,833.000,22.000,10.000,12.000,828.000,16.000,838.000,28.000
459,7.657650,True,Squash-Line-Calling,0.318549,833.000,22.000,10.000,12.000,828.000,16.000,838.000,28.000
460,7.674333,True,Squash-Line-Calling,0.268380,833.000,23.000,10.000,10.000,828.000,18.000,838.000,28.000
461,7.691017,True,Squash-Line-Calling,0.273269,833.000,23.000,10.000,10.000,828.000,18.000,838.000,28.000
462,7.707700,True,Squash-Line-Calling,0.323547,833.000,22.000,10.000,12.000,828.000,16.000,838.000,28.000
463,7.724383,True,Squash-Line-Calling,0.342490,833.000,23.000,10.000,10.000,828.000,18.000,838.000,28.000
464,7.741067,True,Squash-Line-Calling,0.276924,833.000,23.000,10.000,10.000,828.000,18.000,838.000,28.000
465,7.757750,True,Squash-Line-Calling,0.312930,833.000,23.000,10.000,10.000,828.000,18.000,838.000,28.000
466,7.774433,True,Squash-Line-Calling,0.316941,833.000,23.000,10.000,10.000,828.000,18.000,838.000,28.000
467,7.791117,True,Squash-Line-Calling,0.264476,833.000,23.000,10.000,10.000,828.000,18.000,838.000,28.000
468,7.807800,True,Squash-Line-Calling,0.253545,833.000,23.000,10.000,10.000,828.000,18.000,838.000,28.000
469,7.824483,True,Squash-Line-Calling,0.287893,833.000,23.000,10.000,10.000,828.000,18.000,838.000,28.000
470,7.841167,True,Squash-Line-Calling,0.259587,833.000,23.000,10.000,10.000,828.000,18.000,838.000,28.000
471,7.857850,True,Squash-Line-Calling,0.265128,833.000,23.000,10.000,10.000,828.000,18.000,838.000,28.000
472,7.874533,True,Squash-Line-Calling,0.333622,833.000,22.000,10.000,12.000,828.000,16.000,838.000,28.000
473,7.891217,True,Squash-Line-Calling,0.362801,833.000,22.000,10.000,12.000,828.000,16.000,838.000,28.000
474,7.907900,True,Squash-Line-Calling,0.321721,833.000,22.000,10.000,12.000,828.000,16.000,838.000,28.000
475,7.924583,True,Squash-Line-Calling,0.335782,833.000,22.000,10.000,12.000,828.000,16.000,838.000,28.000
476,7.941267,True,Squash-Line-Calling,0.343117,833.000,22.000,10.000,12.000,828.000,16.000,838.000,28.000
477,7.957950,True,Squash-Line-Calling,0.361328,833.000,22.000,10.000,12.000,828.000,16.000,838.000,28.000
478,7.974633,True,Squash-Line-Calling,0.338328,833.000,22.000,10.000,12.000,828.000,16.000,838.000,28.000
479,7.991317,True,Squash-Line-Calling,0.343340,833.000,22.000,10.000,12.000,828.000,16.000,838.000,28.000
480,8.008000,True,Squash-Line-Calling,0.399403,833.000,22.000,10.000,12.000,828.000,16.000,838.000,28.000
481,8.024683,True,Squash-Line-Calling,0.397548,833.000,22.000,10.000,12.000,828.000,16.000,838.000,28.000
482,8.041367,True,Squash-Line-Calling,0.410171,833.000,22.000,10.000,12.000,828.000,16.000,838.000,28.000
483,8.058050,True,Squash-Line-Calling,0.424323,833.000,23.000,10.000,10.000,828.000,18.000,838.000,28.000
484,8.074733,True,Squash-Line-Calling,0.431744,833.000,22.000,10.000,12.000,828.000,16.000,838.000,28.000
485,8.091417,True,Squash-Line-Calling,0.402781,833.000,22.000,10.000,12.000,828.000,16.000,838.000,28.000
486,8.108100,True,Squash-Line-Calling,0.422161,833.000,22.000,10.000,12.000,828.000,16.000,838.000,28.000
487,8.124783,True,Squash-Line-Calling,0.425059,833.000,23.000,10.000,10.000,828.000,18.000,838.000,28.000
488,8.141467,True,Squash-Line-Calling,0.422167,833.000,22.000,10.000,12.000,828.000,16.000,838.000,28.000
489,8.158150,True,Squash-Line-Calling,0.427408,833.000,22.000,10.000,12.000,828.000,16.000,838.000,28.000
490,8.174833,True,Squash-Line-Calling,0.426220,833.000,22.000,10.000,12.000,828.000,16.000,838.000,28.000
491,8.191517,True,Squash-Line-Calling,0.422988,833.000,22.000,10.000,12.000,828.000,16.000,838.000,28.000
492,8.208200,True,Squash-Line-Calling,0.428035,833.000,23.000,10.000,10.000,828.000,18.000,838.000,28.000
493,8.224883,True,Squash-Line-Calling,0.431030,833.000,22.000,10.000,12.000,828.000,16.000,838.000,28.000
494,8.241567,True,Squash-Line-Calling,0.430827,833.000,22.000,10.000,12.000,828.000,16.000,838.000,28.000
495,8.258250,True,Squash-Line-Calling,0.435272,833.000,23.000,10.000,10.000,828.000,18.000,838.000,28.000
496,8.274933,True,Squash-Line-Calling,0.402438,833.000,23.000,10.000,10.000,828.000,18.000,838.000,28.000
497,8.291617,True,Squash-Line-Calling,0.434970,833.000,22.000,10.000,12.000,828.000,16.000,838.000,28.000
498,8.308300,True,Squash-Line-Calling,0.438241,833.000,22.000,10.000,12.000,828.000,16.000,838.000,28.000
499,8.324983,True,Squash-Line-Calling,0.435308,833.000,22.000,10.000,12.000,828.000,16.000,838.000,28.000
500,8.341667,True,Squash-Line-Calling,0.448797,833.000,22.000,10.000,12.000,828.000,16.000,838.000,28.000
501,8.358350,True,Squash-Line-Calling,0.448252,833.000,22.000,10.000,12.000,828.000,16.000,838.000,28.000
502,8.375033,True,Squash-Line-Calling,0.451153,833.000,22.000,10.000,12.000,828.000,16.000,838.000,28.000
503,8.391717,True,Squash-Line-Calling,0.459564,833.000,22.000,10.000,12.000,828.000,16.000,838.000,28.000
504,8.408400,True,Squash-Line-Calling,0.430838,833.000,22.000,10.000,12.000,828.000,16.000,838.000,28.000
505,8.425083,True,Squash-Line-Calling,0.427571,833.000,22.000,10.000,12.000,828.000,16.000,838.000,28.000
506,8.441767,True,Squash-Line-Calling,0.436289,833.000,22.000,10.000,12.000,828.000,16.000,838.000,28.000
507,8.458450,True,Squash-Line-Calling,0.419853,833.000,23.000,10.000,10.000,828.000,18.000,838.000,28.000
508,8.475133,True,Squash-Line-Calling,0.436568,833.000,23.000,10.000,10.000,828.000,18.000,838.000,28.000
509,8.491817,True,Squash-Line-Calling,0.437944,833.000,23.000,10.000,10.000,828.000,18.000,838.000,28.000
510,8.508500,True,Squash-Line-Calling,0.441334,833.000,23.000,10.000,10.000,828.000,18.000,838.000,28.000
511,8.525183,True,Squash-Line-Calling,0.439139,833.000,23.000,10.000,10.000,828.000,18.000,838.000,28.000
512,8.541867,True,Squash-Line-Calling,0.437897,833.000,23.000,10.000,10.000,828.000,18.000,838.000,28.000
513,8.558550,True,Squash-Line-Calling,0.398310,833.000,23.000,10.000,10.000,828.000,18.000,838.000,28.000
514,8.575233,True,Squash-Line-Calling,0.440339,833.000,23.000,10.000,10.000,828.000,18.000,838.000,28.000
515,8.591917,True,Squash-Line-Calling,0.436023,833.000,23.000,10.000,10.000,828.000,18.000,838.000,28.000
516,8.608600,True,Squash-Line-Calling,0.423569,833.000,23.000,10.000,10.000,828.000,18.000,838.000,28.000
517,8.625283,True,Squash-Line-Calling,0.437371,833.000,23.000,10.000,10.000,828.000,18.000,838.000,28.000
518,8.641967,True,Squash-Line-Calling,0.428357,833.000,23.000,10.000,10.000,828.000,18.000,838.000,28.000
519,8.658650,True,Squash-Line-Calling,0.460855,611.000,703.000,10.000,10.000,606.000,698.000,616.000,708.000
520,8.675333,True,Squash-Line-Calling,0.451116,833.000,23.000,10.000,10.000,828.000,18.000,838.000,28.000
521,8.692017,True,Squash-Line-Calling,0.456260,833.000,23.000,10.000,10.000,828.000,18.000,838.000,28.000
522,8.708700,True,Squash-Line-Calling,0.455396,606.000,707.000,8.000,10.000,602.000,702.000,610.000,712.000
523,8.725383,True,Squash-Line-Calling,0.454799,833.000,23.000,10.000,10.000,828.000,18.000,838.000,28.000
524,8.742067,True,Squash-Line-Calling,0.443825,833.000,23.000,10.000,10.000,828.000,18.000,838.000,28.000
525,8.758750,True,Squash-Line-Calling,0.444511,600.000,708.000,8.000,8.000,596.000,704.000,604.000,712.000
526,8.775433,True,Squash-Line-Calling,0.465994,599.000,709.000,10.000,10.000,594.000,704.000,604.000,714.000
527,8.792117,True,Squash-Line-Calling,0.467919,597.000,710.000,10.000,8.000,592.000,706.000,602.000,714.000
528,8.808800,True,Squash-Line-Calling,0.452303,833.000,23.000,10.000,10.000,828.000,18.000,838.000,28.000
529,8.825483,True,Squash-Line-Calling,0.456040,833.000,23.000,10.000,10.000,828.000,18.000,838.000,28.000
530,8.842167,True,Squash-Line-Calling,0.451749,833.000,23.000,10.000,10.000,828.000,18.000,838.000,28.000
531,8.858850,True,Squash-Line-Calling,0.449682,833.000,23.000,10.000,10.000,828.000,18.000,838.000,28.000
532,8.875533,True,Squash-Line-Calling,0.482696,588.000,714.000,8.000,8.000,584.000,710.000,592.000,718.000
533,8.892217,True,Squash-Line-Calling,0.446417,833.000,23.000,10.000,10.000,828.000,18.000,838.000,28.000
534,8.908900,True,Squash-Line-Calling,0.445903,833.000,23.000,10.000,10.000,828.000,18.000,838.000,28.000
535,8.925583,True,Squash-Line-Calling,0.448262,833.000,23.000,10.000,10.000,828.000,18.000,838.000,28.000
536,8.942267,True,Squash-Line-Calling,0.448106,833.000,23.000,10.000,10.000,828.000,18.000,838.000,28.000
537,8.958950,True,Squash-Line-Calling,0.451022,833.000,23.000,10.000,10.000,828.000,18.000,838.000,28.000
538,8.975633,True,Squash-Line-Calling,0.446321,833.000,23.000,10.000,10.000,828.000,18.000,838.000,28.000
539,8.992317,True,Squash-Line-Calling,0.419292,833.000,23.000,10.000,10.000,828.000,18.000,838.000,28.000
540,9.009000,True,Squash-Line-Calling,0.357881,833.000,23.000,10.000,10.000,828.000,18.000,838.000,28.000
541,9.025683,True,Squash-Line-Calling,0.359474,833.000,23.000,10.000,10.000,828.000,18.000,838.000,28.000
542,9.042367,True,Squash-Line-Calling,0.350949,833.000,23.000,10.000,10.000,828.000,18.000,838.000,28.000
543,9.059050,True,Squash-Line-Calling,0.326217,833.000,23.000,10.000,10.000,828.000,18.000,838.000,28.000
544,9.075733,True,Squash-Line-Calling,0.308804,567.000,723.000,10.000,6.000,562.000,720.000,572.000,726.000
545,9.092417,True,Squash-Line-Calling,0.531247,564.000,724.000,8.000,8.000,560.000,720.000,568.000,728.000
546,9.109100,True,Squash-Line-Calling,0.533174,562.000,725.000,8.000,6.000,558.000,722.000,566.000,728.000
547,9.125783,True,Squash-Line-Calling,0.440812,560.000,726.000,8.000,8.000,556.000,722.000,564.000,730.000
548,9.142467,True,Squash-Line-Calling,0.301438,833.000,23.000,10.000,10.000,828.000,18.000,838.000,28.000
549,9.159150,True,Squash-Line-Calling,0.295987,833.000,23.000,10.000,10.000,828.000,18.000,838.000,28.000
550,9.175833,True,Squash-Line-Calling,0.302438,833.000,23.000,10.000,10.000,828.000,18.000,838.000,28.000
551,9.192517,True,Squash-Line-Calling,0.385757,554.000,730.000,8.000,8.000,550.000,726.000,558.000,734.000
552,9.209200,True,Squash-Line-Calling,0.507738,551.000,730.000,10.000,8.000,546.000,726.000,556.000,734.000
553,9.225883,True,Squash-Line-Calling,0.547686,550.000,730.000,8.000,8.000,546.000,726.000,554.000,734.000
554,9.242567,True,Squash-Line-Calling,0.561686,547.000,732.000,10.000,8.000,542.000,728.000,552.000,736.000
555,9.259250,True,Squash-Line-Calling,0.548975,545.000,732.000,10.000,8.000,540.000,728.000,550.000,736.000
556,9.275933,True,Squash-Line-Calling,0.343578,544.000,733.000,8.000,6.000,540.000,730.000,548.000,736.000
557,9.292617,True,Squash-Line-Calling,0.401804,541.000,734.000,10.000,8.000,536.000,730.000,546.000,738.000
558,9.309300,True,Squash-Line-Calling,0.573959,539.000,736.000,10.000,8.000,534.000,732.000,544.000,740.000
559,9.325983,True,Squash-Line-Calling,0.598820,536.000,736.000,8.000,8.000,532.000,732.000,540.000,740.000
560,9.342667,True,Squash-Line-Calling,0.519340,534.000,737.000,8.000,6.000,530.000,734.000,538.000,740.000
561,9.359350,True,Squash-Line-Calling,0.424112,532.000,738.000,8.000,8.000,528.000,734.000,536.000,742.000
562,9.376033,True,Squash-Line-Calling,0.294624,531.000,738.000,10.000,8.000,526.000,734.000,536.000,742.000
563,9.392717,True,Squash-Line-Calling,0.466469,528.000,740.000,8.000,8.000,524.000,736.000,532.000,744.000
564,9.409400,True,Squash-Line-Calling,0.470217,526.000,740.000,8.000,8.000,522.000,736.000,530.000,744.000
565,9.426083,True,Squash-Line-Calling,0.364238,524.000,741.000,8.000,6.000,520.000,738.000,528.000,744.000
566,9.442767,True,Squash-Line-Calling,0.435281,522.000,742.000,8.000,8.000,518.000,738.000,526.000,746.000
567,9.459450,True,Squash-Line-Calling,0.524428,520.000,743.000,8.000,6.000,516.000,740.000,524.000,746.000
568,9.476133,True,Squash-Line-Calling,0.571910,518.000,744.000,8.000,8.000,514.000,740.000,522.000,748.000
569,9.492817,True,Squash-Line-Calling,0.591840,516.000,745.000,8.000,6.000,512.000,742.000,520.000,748.000
570,9.509500,True,Squash-Line-Calling,0.600602,514.000,746.000,8.000,8.000,510.000,742.000,518.000,750.000
571,9.526183,True,Squash-Line-Calling,0.563239,511.000,746.000,6.000,8.000,508.000,742.000,514.000,750.000
572,9.542867,True,Squash-Line-Calling,0.467301,508.000,748.000,8.000,8.000,504.000,744.000,512.000,752.000
573,9.559550,True,Squash-Line-Calling,0.382591,506.000,748.000,8.000,8.000,502.000,744.000,510.000,752.000
574,9.576233,True,Squash-Line-Calling,0.508152,504.000,750.000,8.000,8.000,500.000,746.000,508.000,754.000
575,9.592917,True,Squash-Line-Calling,0.576243,502.000,750.000,8.000,8.000,498.000,746.000,506.000,754.000
576,9.609600,True,Squash-Line-Calling,0.589525,499.000,752.000,10.000,8.000,494.000,748.000,504.000,756.000
577,9.626283,True,Squash-Line-Calling,0.564873,496.000,752.000,8.000,8.000,492.000,748.000,500.000,756.000
578,9.642967,True,Squash-Line-Calling,0.464935,494.000,754.000,8.000,8.000,490.000,750.000,498.000,758.000
579,9.659650,True,Squash-Line-Calling,0.422650,492.000,756.000,8.000,8.000,488.000,752.000,496.000,760.000
580,9.676333,True,Squash-Line-Calling,0.526478,490.000,756.000,8.000,8.000,486.000,752.000,494.000,760.000
581,9.693017,True,Squash-Line-Calling,0.566719,488.000,758.000,8.000,8.000,484.000,754.000,492.000,762.000
582,9.709700,True,Squash-Line-Calling,0.549094,485.000,758.000,10.000,8.000,480.000,754.000,490.000,762.000
583,9.726383,True,Squash-Line-Calling,0.371038,833.000,23.000,10.000,10.000,828.000,18.000,838.000,28.000
584,9.743067,True,Squash-Line-Calling,0.503543,479.000,760.000,10.000,8.000,474.000,756.000,484.000,764.000
585,9.759750,True,Squash-Line-Calling,0.574056,477.000,761.000,10.000,10.000,472.000,756.000,482.000,766.000
586,9.776433,True,Squash-Line-Calling,0.602180,474.000,763.000,8.000,10.000,470.000,758.000,478.000,768.000
587,9.793117,True,Squash-Line-Calling,0.567689,402.000,626.000,20.000,20.000,392.000,616.000,412.000,636.000
588,9.809800,True,Squash-Line-Calling,0.572780,470.000,765.000,8.000,10.000,466.000,760.000,474.000,770.000
589,9.826483,True,Squash-Line-Calling,0.571622,467.000,766.000,10.000,8.000,462.000,762.000,472.000,770.000
590,9.843167,True,Squash-Line-Calling,0.492682,464.000,767.000,8.000,10.000,460.000,762.000,468.000,772.000
591,9.859850,True,Squash-Line-Calling,0.437660,852.000,712.000,20.000,20.000,842.000,702.000,862.000,722.000
592,9.876533,True,Squash-Line-Calling,0.498883,852.000,712.000,20.000,20.000,842.000,702.000,862.000,722.000
593,9.893217,True,Squash-Line-Calling,0.513866,852.000,712.000,20.000,20.000,842.000,702.000,862.000,722.000
594,9.909900,True,Squash-Line-Calling,0.403662,851.000,711.000,18.000,18.000,842.000,702.000,860.000,720.000
595,9.926583,True,Squash-Line-Calling,0.347084,833.000,24.000,10.000,12.000,828.000,18.000,838.000,30.000
596,9.943267,True,Squash-Line-Calling,0.351223,832.000,24.000,8.000,12.000,828.000,18.000,836.000,30.000
597,9.959950,True,Squash-Line-Calling,0.343798,832.000,24.000,8.000,12.000,828.000,18.000,836.000,30.000
598,9.976633,True,Squash-Line-Calling,0.347901,832.000,24.000,8.000,12.000,828.000,18.000,836.000,30.000
599,9.993317,True,Squash-Line-Calling,0.517667,994.000,833.000,12.000,14.000,988.000,826.000,1000.000,840.000
600,10.010000,True,Squash-Line-Calling,0.526593,993.000,833.000,14.000,14.000,986.000,826.000,1000.000,840.000
601,10.026683,True,Squash-Line-Calling,0.624966,993.000,833.000,14.000,14.000,986.000,826.000,1000.000,840.000
602,10.043367,True,Squash-Line-Calling,0.654603,992.000,831.000,12.000,14.000,986.000,824.000,998.000,838.000
603,10.060050,True,Squash-Line-Calling,0.651812,992.000,832.000,12.000,12.000,986.000,826.000,998.000,838.000
604,10.076733,True,Squash-Line-Calling,0.656824,991.000,831.000,14.000,14.000,984.000,824.000,998.000,838.000
605,10.093417,True,Squash-Line-Calling,0.648555,991.000,832.000,14.000,12.000,984.000,826.000,998.000,838.000
606,10.110100,True,Squash-Line-Calling,0.641970,990.000,832.000,12.000,12.000,984.000,826.000,996.000,838.000
607,10.126783,True,Squash-Line-Calling,0.627040,990.000,832.000,12.000,12.000,984.000,826.000,996.000,838.000
608,10.143467,True,Squash-Line-Calling,0.599166,990.000,831.000,12.000,14.000,984.000,824.000,996.000,838.000
609,10.160150,True,Squash-Line-Calling,0.544045,990.000,832.000,12.000,12.000,984.000,826.000,996.000,838.000
610,10.176833,True,Squash-Line-Calling,0.387951,989.000,832.000,10.000,12.000,984.000,826.000,994.000,838.000
611,10.193517,True,Squash-Line-Calling,0.287160,831.000,26.000,10.000,12.000,826.000,20.000,836.000,32.000
612,10.210200,True,Squash-Line-Calling,0.282761,831.000,26.000,10.000,12.000,826.000,20.000,836.000,32.000
613,10.226883,True,Squash-Line-Calling,0.280028,831.000,26.000,10.000,12.000,826.000,20.000,836.000,32.000
614,10.243567,True,Squash-Line-Calling,0.270860,831.000,26.000,10.000,12.000,826.000,20.000,836.000,32.000
615,10.260250,True,Squash-Line-Calling,0.285973,831.000,26.000,10.000,12.000,826.000,20.000,836.000,32.000
616,10.276933,True,Squash-Line-Calling,0.293169,831.000,26.000,10.000,12.000,826.000,20.000,836.000,32.000
617,10.293617,True,Squash-Line-Calling,0.295099,831.000,26.000,10.000,12.000,826.000,20.000,836.000,32.000
618,10.310300,True,Squash-Line-Calling,0.310837,831.000,26.000,10.000,12.000,826.000,20.000,836.000,32.000
619,10.326983,True,Squash-Line-Calling,0.311775,831.000,26.000,10.000,12.000,826.000,20.000,836.000,32.000
620,10.343667,True,Squash-Line-Calling,0.305678,832.000,26.000,8.000,12.000,828.000,20.000,836.000,32.000
621,10.360350,True,Squash-Line-Calling,0.293507,832.000,26.000,8.000,12.000,828.000,20.000,836.000,32.000
622,10.377033,True,Squash-Line-Calling,0.297263,832.000,26.000,8.000,12.000,828.000,20.000,836.000,32.000
623,10.393717,True,Squash-Line-Calling,0.306448,832.000,26.000,8.000,12.000,828.000,20.000,836.000,32.000
624,10.410400,True,Squash-Line-Calling,0.296804,832.000,26.000,8.000,12.000,828.000,20.000,836.000,32.000
625,10.427083,True,Squash-Line-Calling,0.293952,832.000,26.000,8.000,12.000,828.000,20.000,836.000,32.000
626,10.443767,True,Squash-Line-Calling,0.299925,832.000,26.000,8.000,12.000,828.000,20.000,836.000,32.000
627,10.460450,True,Squash-Line-Calling,0.301520,832.000,26.000,8.000,12.000,828.000,20.000,836.000,32.000
628,10.477133,True,Squash-Line-Calling,0.295314,832.000,26.000,8.000,12.000,828.000,20.000,836.000,32.000
629,10.493817,True,Squash-Line-Calling,0.297749,832.000,26.000,8.000,12.000,828.000,20.000,836.000,32.000
630,10.510500,True,Squash-Line-Calling,0.300750,832.000,26.000,8.000,12.000,828.000,20.000,836.000,32.000
631,10.527183,True,Squash-Line-Calling,0.296346,832.000,26.000,8.000,12.000,828.000,20.000,836.000,32.000
632,10.543867,True,Squash-Line-Calling,0.299884,832.000,26.000,8.000,12.000,828.000,20.000,836.000,32.000
633,10.560550,True,Squash-Line-Calling,0.290743,832.000,26.000,8.000,12.000,828.000,20.000,836.000,32.000
634,10.577233,True,Squash-Line-Calling,0.289209,832.000,26.000,8.000,12.000,828.000,20.000,836.000,32.000
635,10.593917,True,Squash-Line-Calling,0.292512,832.000,26.000,8.000,12.000,828.000,20.000,836.000,32.000
636,10.610600,True,Squash-Line-Calling,0.292574,832.000,26.000,8.000,12.000,828.000,20.000,836.000,32.000
637,10.627283,True,Squash-Line-Calling,0.290431,832.000,26.000,8.000,12.000,828.000,20.000,836.000,32.000
638,10.643967,True,Squash-Line-Calling,0.291242,832.000,26.000,8.000,12.000,828.000,20.000,836.000,32.000
639,10.660650,True,Squash-Line-Calling,0.289264,832.000,26.000,8.000,12.000,828.000,20.000,836.000,32.000
640,10.677333,True,Squash-Line-Calling,0.278497,832.000,26.000,8.000,12.000,828.000,20.000,836.000,32.000
641,10.694017,True,Squash-Line-Calling,0.274750,832.000,26.000,8.000,12.000,828.000,20.000,836.000,32.000
642,10.710700,True,Squash-Line-Calling,0.278139,832.000,26.000,8.000,12.000,828.000,20.000,836.000,32.000
643,10.727383,True,Squash-Line-Calling,0.280589,832.000,26.000,8.000,12.000,828.000,20.000,836.000,32.000
644,10.744067,True,Squash-Line-Calling,0.283588,832.000,26.000,8.000,12.000,828.000,20.000,836.000,32.000
645,10.760750,True,Squash-Line-Calling,0.281736,832.000,26.000,8.000,12.000,828.000,20.000,836.000,32.000
646,10.777433,True,Squash-Line-Calling,0.282914,832.000,26.000,8.000,12.000,828.000,20.000,836.000,32.000
647,10.794117,True,Squash-Line-Calling,0.279203,832.000,26.000,8.000,12.000,828.000,20.000,836.000,32.000
648,10.810800,True,Squash-Line-Calling,0.317951,832.000,27.000,8.000,10.000,828.000,22.000,836.000,32.000
649,10.827483,True,Squash-Line-Calling,0.340646,832.000,27.000,8.000,10.000,828.000,22.000,836.000,32.000
650,10.844167,True,Squash-Line-Calling,0.354907,832.000,27.000,8.000,10.000,828.000,22.000,836.000,32.000
651,10.860850,True,Squash-Line-Calling,0.347668,832.000,27.000,8.000,10.000,828.000,22.000,836.000,32.000
652,10.877533,True,Squash-Line-Calling,0.347592,832.000,27.000,8.000,10.000,828.000,22.000,836.000,32.000
653,10.894217,True,Squash-Line-Calling,0.348146,832.000,27.000,8.000,10.000,828.000,22.000,836.000,32.000
654,10.910900,True,Squash-Line-Calling,0.456405,974.000,830.000,12.000,12.000,968.000,824.000,980.000,836.000
655,10.927583,True,Squash-Line-Calling,0.448940,974.000,830.000,12.000,12.000,968.000,824.000,980.000,836.000
656,10.944267,True,Squash-Line-Calling,0.546685,973.000,830.000,10.000,12.000,968.000,824.000,978.000,836.000
657,10.960950,True,Squash-Line-Calling,0.582144,973.000,830.000,10.000,12.000,968.000,824.000,978.000,836.000
658,10.977633,True,Squash-Line-Calling,0.628557,972.000,830.000,12.000,12.000,966.000,824.000,978.000,836.000
659,10.994317,True,Squash-Line-Calling,0.629315,972.000,830.000,12.000,12.000,966.000,824.000,978.000,836.000
660,11.011000,True,Squash-Line-Calling,0.651439,972.000,830.000,12.000,12.000,966.000,824.000,978.000,836.000
661,11.027683,True,Squash-Line-Calling,0.647158,972.000,830.000,12.000,12.000,966.000,824.000,978.000,836.000
662,11.044367,True,Squash-Line-Calling,0.648731,972.000,830.000,12.000,12.000,966.000,824.000,978.000,836.000
663,11.061050,True,Squash-Line-Calling,0.658091,972.000,830.000,12.000,12.000,966.000,824.000,978.000,836.000
664,11.077733,True,Squash-Line-Calling,0.653577,972.000,830.000,12.000,12.000,966.000,824.000,978.000,836.000
665,11.094417,True,Squash-Line-Calling,0.652060,972.000,830.000,12.000,12.000,966.000,824.000,978.000,836.000
666,11.111100,True,Squash-Line-Calling,0.665318,972.000,830.000,12.000,12.000,966.000,824.000,978.000,836.000
667,11.127783,True,Squash-Line-Calling,0.668207,972.000,830.000,12.000,12.000,966.000,824.000,978.000,836.000
668,11.144467,True,Squash-Line-Calling,0.671800,972.000,830.000,12.000,12.000,966.000,824.000,978.000,836.000
669,11.161150,True,Squash-Line-Calling,0.683347,971.000,831.000,14.000,14.000,964.000,824.000,978.000,838.000
670,11.177833,True,Squash-Line-Calling,0.695692,970.000,831.000,12.000,14.000,964.000,824.000,976.000,838.000
671,11.194517,True,Squash-Line-Calling,0.676231,970.000,831.000,12.000,14.000,964.000,824.000,976.000,838.000
672,11.211200,True,Squash-Line-Calling,0.675532,970.000,831.000,12.000,14.000,964.000,824.000,976.000,838.000
673,11.227883,True,Squash-Line-Calling,0.676150,970.000,831.000,12.000,14.000,964.000,824.000,976.000,838.000
674,11.244567,True,Squash-Line-Calling,0.682361,970.000,831.000,12.000,14.000,964.000,824.000,976.000,838.000
675,11.261250,True,Squash-Line-Calling,0.698316,970.000,831.000,12.000,14.000,964.000,824.000,976.000,838.000
676,11.277933,True,Squash-Line-Calling,0.705091,970.000,831.000,12.000,14.000,964.000,824.000,976.000,838.000
677,11.294617,True,Squash-Line-Calling,0.702473,970.000,831.000,12.000,14.000,964.000,824.000,976.000,838.000
678,11.311300,True,Squash-Line-Calling,0.702240,970.000,831.000,12.000,14.000,964.000,824.000,976.000,838.000
679,11.327983,True,Squash-Line-Calling,0.698249,970.000,831.000,12.000,14.000,964.000,824.000,976.000,838.000
680,11.344667,True,Squash-Line-Calling,0.699866,970.000,831.000,12.000,14.000,964.000,824.000,976.000,838.000
681,11.361350,True,Squash-Line-Calling,0.696820,969.000,831.000,14.000,14.000,962.000,824.000,976.000,838.000
682,11.378033,True,Squash-Line-Calling,0.698632,969.000,831.000,14.000,14.000,962.000,824.000,976.000,838.000
683,11.394717,True,Squash-Line-Calling,0.699955,969.000,831.000,14.000,14.000,962.000,824.000,976.000,838.000
684,11.411400,True,Squash-Line-Calling,0.701225,969.000,831.000,14.000,14.000,962.000,824.000,976.000,838.000
685,11.428083,True,Squash-Line-Calling,0.696012,969.000,831.000,14.000,14.000,962.000,824.000,976.000,838.000
686,11.444767,True,Squash-Line-Calling,0.692213,968.000,831.000,12.000,14.000,962.000,824.000,974.000,838.000
687,11.461450,True,Squash-Line-Calling,0.689441,968.000,831.000,12.000,14.000,962.000,824.000,974.000,838.000
688,11.478133,True,Squash-Line-Calling,0.692744,968.000,831.000,12.000,14.000,962.000,824.000,974.000,838.000
689,11.494817,True,Squash-Line-Calling,0.695048,968.000,831.000,12.000,14.000,962.000,824.000,974.000,838.000
690,11.511500,True,Squash-Line-Calling,0.693860,968.000,831.000,12.000,14.000,962.000,824.000,974.000,838.000
691,11.528183,True,Squash-Line-Calling,0.690406,968.000,831.000,12.000,14.000,962.000,824.000,974.000,838.000
692,11.544867,True,Squash-Line-Calling,0.690257,968.000,831.000,12.000,14.000,962.000,824.000,974.000,838.000
693,11.561550,True,Squash-Line-Calling,0.689507,968.000,831.000,12.000,14.000,962.000,824.000,974.000,838.000
694,11.578233,True,Squash-Line-Calling,0.693233,968.000,831.000,12.000,14.000,962.000,824.000,974.000,838.000
695,11.594917,True,Squash-Line-Calling,0.696229,968.000,831.000,12.000,14.000,962.000,824.000,974.000,838.000
696,11.611600,True,Squash-Line-Calling,0.696661,968.000,831.000,12.000,14.000,962.000,824.000,974.000,838.000
697,11.628283,True,Squash-Line-Calling,0.694012,968.000,831.000,12.000,14.000,962.000,824.000,974.000,838.000
698,11.644967,True,Squash-Line-Calling,0.688163,968.000,831.000,12.000,14.000,962.000,824.000,974.000,838.000
699,11.661650,True,Squash-Line-Calling,0.688627,968.000,831.000,12.000,14.000,962.000,824.000,974.000,838.000
700,11.678333,True,Squash-Line-Calling,0.687010,968.000,831.000,12.000,14.000,962.000,824.000,974.000,838.000
701,11.695017,True,Squash-Line-Calling,0.678218,968.000,831.000,12.000,14.000,962.000,824.000,974.000,838.000
702,11.711700,True,Squash-Line-Calling,0.676118,968.000,831.000,12.000,14.000,962.000,824.000,974.000,838.000
703,11.728383,True,Squash-Line-Calling,0.678197,968.000,831.000,12.000,14.000,962.000,824.000,974.000,838.000
704,11.745067,True,Squash-Line-Calling,0.674014,968.000,831.000,12.000,14.000,962.000,824.000,974.000,838.000
705,11.761750,True,Squash-Line-Calling,0.673536,968.000,831.000,12.000,14.000,962.000,824.000,974.000,838.000
706,11.778433,True,Squash-Line-Calling,0.673601,968.000,831.000,12.000,14.000,962.000,824.000,974.000,838.000
707,11.795117,True,Squash-Line-Calling,0.671964,968.000,831.000,12.000,14.000,962.000,824.000,974.000,838.000
708,11.811800,True,Squash-Line-Calling,0.669088,968.000,831.000,12.000,14.000,962.000,824.000,974.000,838.000
709,11.828483,True,Squash-Line-Calling,0.672460,967.000,831.000,14.000,14.000,960.000,824.000,974.000,838.000
710,11.845167,True,Squash-Line-Calling,0.671493,967.000,831.000,14.000,14.000,960.000,824.000,974.000,838.000
711,11.861850,True,Squash-Line-Calling,0.669030,968.000,831.000,12.000,14.000,962.000,824.000,974.000,838.000
712,11.878533,True,Squash-Line-Calling,0.670547,967.000,831.000,14.000,14.000,960.000,824.000,974.000,838.000
713,11.895217,True,Squash-Line-Calling,0.662130,967.000,831.000,14.000,14.000,960.000,824.000,974.000,838.000
714,11.911900,True,Squash-Line-Calling,0.652536,968.000,831.000,12.000,14.000,962.000,824.000,974.000,838.000
715,11.928583,True,Squash-Line-Calling,0.651266,968.000,831.000,12.000,14.000,962.000,824.000,974.000,838.000
716,11.945267,True,Squash-Line-Calling,0.643905,968.000,831.000,12.000,14.000,962.000,824.000,974.000,838.000
717,11.961950,True,Squash-Line-Calling,0.647114,968.000,831.000,12.000,14.000,962.000,824.000,974.000,838.000
718,11.978633,True,Squash-Line-Calling,0.644258,968.000,831.000,12.000,14.000,962.000,824.000,974.000,838.000
719,11.995317,True,Squash-Line-Calling,0.648418,967.000,831.000,14.000,14.000,960.000,824.000,974.000,838.000
720,12.012000,True,Squash-Line-Calling,0.647356,968.000,831.000,12.000,14.000,962.000,824.000,974.000,838.000
721,12.028683,True,Squash-Line-Calling,0.642312,967.000,831.000,14.000,14.000,960.000,824.000,974.000,838.000
722,12.045367,True,Squash-Line-Calling,0.636342,967.000,831.000,14.000,14.000,960.000,824.000,974.000,838.000
723,12.062050,True,Squash-Line-Calling,0.633823,967.000,831.000,14.000,14.000,960.000,824.000,974.000,838.000
724,12.078733,True,Squash-Line-Calling,0.633221,967.000,831.000,14.000,14.000,960.000,824.000,974.000,838.000
725,12.095417,True,Squash-Line-Calling,0.646089,968.000,831.000,12.000,14.000,962.000,824.000,974.000,838.000
726,12.112100,True,Squash-Line-Calling,0.645537,968.000,831.000,12.000,14.000,962.000,824.000,974.000,838.000
727,12.128783,True,Squash-Line-Calling,0.650797,968.000,831.000,12.000,14.000,962.000,824.000,974.000,838.000
728,12.145467,True,Squash-Line-Calling,0.653638,968.000,831.000,12.000,14.000,962.000,824.000,974.000,838.000
729,12.162150,True,Squash-Line-Calling,0.655920,968.000,831.000,12.000,14.000,962.000,824.000,974.000,838.000
730,12.178833,True,Squash-Line-Calling,0.655339,968.000,831.000,12.000,14.000,962.000,824.000,974.000,838.000
731,12.195517,True,Squash-Line-Calling,0.655591,968.000,831.000,12.000,14.000,962.000,824.000,974.000,838.000
732,12.212200,True,Squash-Line-Calling,0.654971,968.000,831.000,12.000,14.000,962.000,824.000,974.000,838.000
733,12.228883,True,Squash-Line-Calling,0.651704,968.000,831.000,12.000,14.000,962.000,824.000,974.000,838.000
734,12.245567,True,Squash-Line-Calling,0.661540,968.000,831.000,12.000,14.000,962.000,824.000,974.000,838.000
735,12.262250,True,Squash-Line-Calling,0.669896,968.000,831.000,12.000,14.000,962.000,824.000,974.000,838.000
736,12.278933,True,Squash-Line-Calling,0.674305,968.000,831.000,12.000,14.000,962.000,824.000,974.000,838.000
737,12.295617,True,Squash-Line-Calling,0.663548,968.000,831.000,12.000,14.000,962.000,824.000,974.000,838.000
738,12.312300,True,Squash-Line-Calling,0.649754,968.000,831.000,12.000,14.000,962.000,824.000,974.000,838.000
739,12.328983,True,Squash-Line-Calling,0.657281,968.000,831.000,12.000,14.000,962.000,824.000,974.000,838.000
740,12.345667,True,Squash-Line-Calling,0.656937,968.000,831.000,12.000,14.000,962.000,824.000,974.000,838.000
741,12.362350,True,Squash-Line-Calling,0.662299,968.000,831.000,12.000,14.000,962.000,824.000,974.000,838.000
742,12.379033,True,Squash-Line-Calling,0.665271,968.000,831.000,12.000,14.000,962.000,824.000,974.000,838.000
743,12.395717,True,Squash-Line-Calling,0.669040,968.000,831.000,12.000,14.000,962.000,824.000,974.000,838.000
744,12.412400,True,Squash-Line-Calling,0.670073,968.000,831.000,12.000,14.000,962.000,824.000,974.000,838.000
745,12.429083,True,Squash-Line-Calling,0.667145,968.000,831.000,12.000,14.000,962.000,824.000,974.000,838.000
746,12.445767,True,Squash-Line-Calling,0.675234,968.000,831.000,12.000,14.000,962.000,824.000,974.000,838.000
747,12.462450,True,Squash-Line-Calling,0.671937,968.000,831.000,12.000,14.000,962.000,824.000,974.000,838.000
748,12.479133,True,Squash-Line-Calling,0.669024,968.000,831.000,12.000,14.000,962.000,824.000,974.000,838.000
749,12.495817,True,Squash-Line-Calling,0.671660,968.000,831.000,12.000,14.000,962.000,824.000,974.000,838.000
750,12.512500,True,Squash-Line-Calling,0.672134,968.000,831.000,12.000,14.000,962.000,824.000,974.000,838.000
751,12.529183,True,Squash-Line-Calling,0.680080,968.000,830.000,12.000,16.000,962.000,822.000,974.000,838.000
752,12.545867,True,Squash-Line-Calling,0.667443,968.000,831.000,12.000,14.000,962.000,824.000,974.000,838.000
753,12.562550,True,Squash-Line-Calling,0.661505,968.000,831.000,12.000,14.000,962.000,824.000,974.000,838.000
754,12.579233,True,Squash-Line-Calling,0.656853,968.000,831.000,12.000,14.000,962.000,824.000,974.000,838.000
755,12.595917,True,Squash-Line-Calling,0.646953,968.000,831.000,12.000,14.000,962.000,824.000,974.000,838.000
756,12.612600,True,Squash-Line-Calling,0.651670,968.000,831.000,12.000,14.000,962.000,824.000,974.000,838.000
757,12.629283,True,Squash-Line-Calling,0.656945,968.000,831.000,12.000,14.000,962.000,824.000,974.000,838.000
758,12.645967,True,Squash-Line-Calling,0.653340,968.000,831.000,12.000,14.000,962.000,824.000,974.000,838.000
759,12.662650,True,Squash-Line-Calling,0.652895,968.000,831.000,12.000,14.000,962.000,824.000,974.000,838.000
760,12.679333,True,Squash-Line-Calling,0.656845,968.000,831.000,12.000,14.000,962.000,824.000,974.000,838.000
761,12.696017,True,Squash-Line-Calling,0.663544,968.000,831.000,12.000,14.000,962.000,824.000,974.000,838.000
762,12.712700,True,Squash-Line-Calling,0.657377,968.000,831.000,12.000,14.000,962.000,824.000,974.000,838.000
763,12.729383,True,Squash-Line-Calling,0.655853,968.000,831.000,12.000,14.000,962.000,824.000,974.000,838.000
764,12.746067,True,Squash-Line-Calling,0.656318,968.000,831.000,12.000,14.000,962.000,824.000,974.000,838.000
765,12.762750,True,Squash-Line-Calling,0.639984,968.000,831.000,12.000,14.000,962.000,824.000,974.000,838.000
766,12.779433,True,Squash-Line-Calling,0.646847,968.000,831.000,12.000,14.000,962.000,824.000,974.000,838.000
767,12.796117,True,Squash-Line-Calling,0.645776,968.000,831.000,12.000,14.000,962.000,824.000,974.000,838.000
768,12.812800,True,Squash-Line-Calling,0.667138,968.000,831.000,12.000,14.000,962.000,824.000,974.000,838.000
769,12.829483,True,Squash-Line-Calling,0.675110,968.000,831.000,12.000,14.000,962.000,824.000,974.000,838.000
770,12.846167,True,Squash-Line-Calling,0.682257,968.000,831.000,12.000,14.000,962.000,824.000,974.000,838.000
771,12.862850,True,Squash-Line-Calling,0.682842,968.000,831.000,12.000,14.000,962.000,824.000,974.000,838.000
772,12.879533,True,Squash-Line-Calling,0.683803,968.000,831.000,12.000,14.000,962.000,824.000,974.000,838.000
773,12.896217,True,Squash-Line-Calling,0.670500,968.000,831.000,12.000,14.000,962.000,824.000,974.000,838.000
774,12.912900,True,Squash-Line-Calling,0.672397,968.000,831.000,12.000,14.000,962.000,824.000,974.000,838.000
775,12.929583,True,Squash-Line-Calling,0.670696,968.000,831.000,12.000,14.000,962.000,824.000,974.000,838.000
776,12.946267,True,Squash-Line-Calling,0.672752,968.000,831.000,12.000,14.000,962.000,824.000,974.000,838.000
777,12.962950,True,Squash-Line-Calling,0.686431,968.000,831.000,12.000,14.000,962.000,824.000,974.000,838.000
778,12.979633,True,Squash-Line-Calling,0.692342,968.000,831.000,12.000,14.000,962.000,824.000,974.000,838.000
779,12.996317,True,Squash-Line-Calling,0.685874,968.000,831.000,12.000,14.000,962.000,824.000,974.000,838.000
780,13.013000,True,Squash-Line-Calling,0.692599,968.000,831.000,12.000,14.000,962.000,824.000,974.000,838.000
781,13.029683,True,Squash-Line-Calling,0.695828,968.000,831.000,12.000,14.000,962.000,824.000,974.000,838.000
782,13.046367,True,Squash-Line-Calling,0.683998,968.000,831.000,12.000,14.000,962.000,824.000,974.000,838.000
783,13.063050,True,Squash-Line-Calling,0.682540,968.000,831.000,12.000,14.000,962.000,824.000,974.000,838.000
784,13.079733,True,Squash-Line-Calling,0.679056,968.000,831.000,12.000,14.000,962.000,824.000,974.000,838.000
785,13.096417,True,Squash-Line-Calling,0.671643,968.000,831.000,12.000,14.000,962.000,824.000,974.000,838.000
786,13.113100,True,Squash-Line-Calling,0.679631,968.000,832.000,12.000,16.000,962.000,824.000,974.000,840.000
787,13.129783,True,Squash-Line-Calling,0.677098,968.000,832.000,12.000,16.000,962.000,824.000,974.000,840.000
788,13.146467,True,Squash-Line-Calling,0.670530,968.000,831.000,12.000,14.000,962.000,824.000,974.000,838.000
789,13.163150,True,Squash-Line-Calling,0.670257,968.000,831.000,12.000,14.000,962.000,824.000,974.000,838.000
790,13.179833,True,Squash-Line-Calling,0.649269,968.000,831.000,12.000,14.000,962.000,824.000,974.000,838.000
791,13.196517,True,Squash-Line-Calling,0.649824,968.000,831.000,12.000,14.000,962.000,824.000,974.000,838.000
792,13.213200,True,Squash-Line-Calling,0.656659,968.000,831.000,12.000,14.000,962.000,824.000,974.000,838.000
793,13.229883,True,Squash-Line-Calling,0.657145,968.000,831.000,12.000,14.000,962.000,824.000,974.000,838.000
794,13.246567,True,Squash-Line-Calling,0.637682,968.000,832.000,12.000,16.000,962.000,824.000,974.000,840.000
795,13.263250,True,Squash-Line-Calling,0.643006,968.000,831.000,12.000,14.000,962.000,824.000,974.000,838.000
796,13.279933,True,Squash-Line-Calling,0.655007,968.000,831.000,12.000,14.000,962.000,824.000,974.000,838.000
797,13.296617,True,Squash-Line-Calling,0.641329,968.000,832.000,12.000,16.000,962.000,824.000,974.000,840.000
798,13.313300,True,Squash-Line-Calling,0.639479,968.000,831.000,12.000,14.000,962.000,824.000,974.000,838.000
799,13.329983,True,Squash-Line-Calling,0.625365,968.000,831.000,12.000,14.000,962.000,824.000,974.000,838.000
800,13.346667,True,Squash-Line-Calling,0.603789,968.000,831.000,12.000,14.000,962.000,824.000,974.000,838.000
801,13.363350,True,Squash-Line-Calling,0.575458,968.000,831.000,12.000,14.000,962.000,824.000,974.000,838.000
802,13.380033,True,Squash-Line-Calling,0.598204,968.000,831.000,12.000,14.000,962.000,824.000,974.000,838.000
803,13.396717,True,Squash-Line-Calling,0.526340,968.000,831.000,12.000,14.000,962.000,824.000,974.000,838.000
804,13.413400,True,Squash-Line-Calling,0.553657,968.000,831.000,12.000,14.000,962.000,824.000,974.000,838.000
805,13.430083,True,Squash-Line-Calling,0.583932,968.000,831.000,12.000,14.000,962.000,824.000,974.000,838.000
806,13.446767,True,Squash-Line-Calling,0.529969,968.000,831.000,12.000,14.000,962.000,824.000,974.000,838.000
807,13.463450,True,Squash-Line-Calling,0.611197,968.000,831.000,12.000,14.000,962.000,824.000,974.000,838.000
808,13.480133,True,Squash-Line-Calling,0.439664,968.000,831.000,12.000,14.000,962.000,824.000,974.000,838.000
809,13.496817,True,Squash-Line-Calling,0.403917,831.000,27.000,10.000,10.000,826.000,22.000,836.000,32.000
810,13.513500,True,Squash-Line-Calling,0.404742,831.000,27.000,10.000,10.000,826.000,22.000,836.000,32.000
811,13.530183,True,Squash-Line-Calling,0.469084,968.000,831.000,12.000,14.000,962.000,824.000,974.000,838.000
812,13.546867,True,Squash-Line-Calling,0.408069,831.000,27.000,10.000,10.000,826.000,22.000,836.000,32.000
813,13.563550,True,Squash-Line-Calling,0.413432,831.000,27.000,10.000,10.000,826.000,22.000,836.000,32.000
814,13.580233,True,Squash-Line-Calling,0.410892,831.000,27.000,10.000,10.000,826.000,22.000,836.000,32.000
815,13.596917,True,Squash-Line-Calling,0.405479,831.000,27.000,10.000,10.000,826.000,22.000,836.000,32.000
816,13.613600,True,Squash-Line-Calling,0.409627,831.000,27.000,10.000,10.000,826.000,22.000,836.000,32.000
817,13.630283,True,Squash-Line-Calling,0.413477,831.000,27.000,10.000,10.000,826.000,22.000,836.000,32.000
818,13.646967,True,Squash-Line-Calling,0.417436,831.000,27.000,10.000,10.000,826.000,22.000,836.000,32.000
819,13.663650,True,Squash-Line-Calling,0.418402,831.000,27.000,10.000,10.000,826.000,22.000,836.000,32.000
820,13.680333,True,Squash-Line-Calling,0.419484,831.000,27.000,10.000,10.000,826.000,22.000,836.000,32.000
821,13.697017,True,Squash-Line-Calling,0.398714,831.000,27.000,10.000,10.000,826.000,22.000,836.000,32.000
822,13.713700,True,Squash-Line-Calling,0.415359,831.000,27.000,10.000,10.000,826.000,22.000,836.000,32.000
823,13.730383,True,Squash-Line-Calling,0.398363,831.000,27.000,10.000,10.000,826.000,22.000,836.000,32.000
824,13.747067,True,Squash-Line-Calling,0.402058,831.000,27.000,10.000,10.000,826.000,22.000,836.000,32.000
825,13.763750,True,Squash-Line-Calling,0.450674,933.000,830.000,10.000,12.000,928.000,824.000,938.000,836.000
826,13.780433,True,Squash-Line-Calling,0.406553,831.000,27.000,10.000,10.000,826.000,22.000,836.000,32.000
827,13.797117,True,Squash-Line-Calling,0.406482,831.000,27.000,10.000,10.000,826.000,22.000,836.000,32.000
828,13.813800,True,Squash-Line-Calling,0.558254,926.000,831.000,12.000,14.000,920.000,824.000,932.000,838.000
829,13.830483,True,Squash-Line-Calling,0.670061,924.000,831.000,12.000,14.000,918.000,824.000,930.000,838.000
830,13.847167,True,Squash-Line-Calling,0.651020,921.000,831.000,10.000,14.000,916.000,824.000,926.000,838.000
831,13.863850,True,Squash-Line-Calling,0.410856,918.000,831.000,12.000,14.000,912.000,824.000,924.000,838.000
832,13.880533,True,Squash-Line-Calling,0.410151,831.000,27.000,10.000,10.000,826.000,22.000,836.000,32.000
833,13.897217,True,Squash-Line-Calling,0.406595,831.000,27.000,10.000,10.000,826.000,22.000,836.000,32.000
834,13.913900,True,Squash-Line-Calling,0.413149,831.000,27.000,10.000,10.000,826.000,22.000,836.000,32.000
835,13.930583,True,Squash-Line-Calling,0.400209,831.000,27.000,10.000,10.000,826.000,22.000,836.000,32.000
836,13.947267,True,Squash-Line-Calling,0.429917,831.000,27.000,10.000,10.000,826.000,22.000,836.000,32.000
837,13.963950,True,Squash-Line-Calling,0.435039,831.000,27.000,10.000,10.000,826.000,22.000,836.000,32.000
838,13.980633,True,Squash-Line-Calling,0.439989,831.000,27.000,10.000,10.000,826.000,22.000,836.000,32.000
839,13.997317,True,Squash-Line-Calling,0.433403,831.000,27.000,10.000,10.000,826.000,22.000,836.000,32.000
840,14.014000,True,Squash-Line-Calling,0.436680,831.000,27.000,10.000,10.000,826.000,22.000,836.000,32.000
841,14.030683,True,Squash-Line-Calling,0.435498,831.000,27.000,10.000,10.000,826.000,22.000,836.000,32.000
842,14.047367,True,Squash-Line-Calling,0.428962,831.000,27.000,10.000,10.000,826.000,22.000,836.000,32.000
843,14.064050,True,Squash-Line-Calling,0.427736,831.000,27.000,10.000,10.000,826.000,22.000,836.000,32.000
844,14.080733,True,Squash-Line-Calling,0.427529,831.000,27.000,10.000,10.000,826.000,22.000,836.000,32.000
845,14.097417,True,Squash-Line-Calling,0.434189,831.000,27.000,10.000,10.000,826.000,22.000,836.000,32.000
846,14.114100,True,Squash-Line-Calling,0.432831,831.000,27.000,10.000,10.000,826.000,22.000,836.000,32.000
847,14.130783,True,Squash-Line-Calling,0.429344,831.000,27.000,10.000,10.000,826.000,22.000,836.000,32.000
848,14.147467,True,Squash-Line-Calling,0.434290,831.000,27.000,10.000,10.000,826.000,22.000,836.000,32.000
849,14.164150,True,Squash-Line-Calling,0.437165,831.000,27.000,10.000,10.000,826.000,22.000,836.000,32.000
850,14.180833,True,Squash-Line-Calling,0.437263,831.000,27.000,10.000,10.000,826.000,22.000,836.000,32.000
851,14.197517,True,Squash-Line-Calling,0.436821,831.000,27.000,10.000,10.000,826.000,22.000,836.000,32.000
852,14.214200,True,Squash-Line-Calling,0.434688,831.000,27.000,10.000,10.000,826.000,22.000,836.000,32.000
853,14.230883,True,Squash-Line-Calling,0.433210,831.000,27.000,10.000,10.000,826.000,22.000,836.000,32.000
854,14.247567,True,Squash-Line-Calling,0.436752,831.000,27.000,10.000,10.000,826.000,22.000,836.000,32.000
855,14.264250,True,Squash-Line-Calling,0.438656,831.000,27.000,10.000,10.000,826.000,22.000,836.000,32.000
856,14.280933,True,Squash-Line-Calling,0.430146,831.000,27.000,10.000,10.000,826.000,22.000,836.000,32.000
857,14.297617,True,Squash-Line-Calling,0.432630,831.000,27.000,10.000,10.000,826.000,22.000,836.000,32.000
858,14.314300,True,Squash-Line-Calling,0.432538,831.000,27.000,10.000,10.000,826.000,22.000,836.000,32.000
859,14.330983,True,Squash-Line-Calling,0.429580,831.000,27.000,10.000,10.000,826.000,22.000,836.000,32.000
860,14.347667,True,Squash-Line-Calling,0.436564,831.000,27.000,10.000,10.000,826.000,22.000,836.000,32.000
861,14.364350,True,Squash-Line-Calling,0.440935,831.000,27.000,10.000,10.000,826.000,22.000,836.000,32.000
862,14.381033,True,Squash-Line-Calling,0.439752,831.000,27.000,10.000,10.000,826.000,22.000,836.000,32.000
863,14.397717,True,Squash-Line-Calling,0.441181,831.000,27.000,10.000,10.000,826.000,22.000,836.000,32.000
864,14.414400,True,Squash-Line-Calling,0.441922,831.000,27.000,10.000,10.000,826.000,22.000,836.000,32.000
865,14.431083,True,Squash-Line-Calling,0.456807,831.000,27.000,10.000,10.000,826.000,22.000,836.000,32.000
866,14.447767,True,Squash-Line-Calling,0.442813,831.000,27.000,10.000,10.000,826.000,22.000,836.000,32.000
867,14.464450,True,Squash-Line-Calling,0.456019,831.000,27.000,10.000,10.000,826.000,22.000,836.000,32.000
868,14.481133,True,Squash-Line-Calling,0.447834,831.000,27.000,10.000,10.000,826.000,22.000,836.000,32.000
869,14.497817,True,Squash-Line-Calling,0.447890,831.000,27.000,10.000,10.000,826.000,22.000,836.000,32.000
870,14.514500,True,Squash-Line-Calling,0.437887,831.000,27.000,10.000,10.000,826.000,22.000,836.000,32.000
871,14.531183,True,Squash-Line-Calling,0.440847,831.000,27.000,10.000,10.000,826.000,22.000,836.000,32.000
872,14.547867,True,Squash-Line-Calling,0.450510,831.000,27.000,10.000,10.000,826.000,22.000,836.000,32.000
873,14.564550,True,Squash-Line-Calling,0.414878,831.000,27.000,10.000,10.000,826.000,22.000,836.000,32.000
874,14.581233,True,Squash-Line-Calling,0.418249,831.000,27.000,10.000,10.000,826.000,22.000,836.000,32.000
875,14.597917,True,Squash-Line-Calling,0.412736,831.000,27.000,10.000,10.000,826.000,22.000,836.000,32.000
876,14.614600,True,Squash-Line-Calling,0.376412,831.000,27.000,10.000,10.000,826.000,22.000,836.000,32.000
877,14.631283,True,Squash-Line-Calling,0.379841,831.000,27.000,10.000,10.000,826.000,22.000,836.000,32.000
878,14.647967,True,Squash-Line-Calling,0.386822,831.000,27.000,10.000,10.000,826.000,22.000,836.000,32.000
879,14.664650,True,Squash-Line-Calling,0.381095,831.000,27.000,10.000,10.000,826.000,22.000,836.000,32.000
880,14.681333,True,Squash-Line-Calling,0.374493,831.000,27.000,10.000,10.000,826.000,22.000,836.000,32.000
881,14.698017,True,Squash-Line-Calling,0.364412,831.000,27.000,10.000,10.000,826.000,22.000,836.000,32.000
882,14.714700,True,Squash-Line-Calling,0.361167,831.000,27.000,10.000,10.000,826.000,22.000,836.000,32.000
883,14.731383,True,Squash-Line-Calling,0.368667,831.000,27.000,10.000,10.000,826.000,22.000,836.000,32.000
884,14.748067,True,Squash-Line-Calling,0.375221,831.000,27.000,10.000,10.000,826.000,22.000,836.000,32.000
885,14.764750,True,Squash-Line-Calling,0.375479,831.000,27.000,10.000,10.000,826.000,22.000,836.000,32.000
886,14.781433,True,Squash-Line-Calling,0.378653,831.000,27.000,10.000,10.000,826.000,22.000,836.000,32.000
887,14.798117,True,Squash-Line-Calling,0.375007,831.000,27.000,10.000,10.000,826.000,22.000,836.000,32.000
888,14.814800,True,Squash-Line-Calling,0.383469,831.000,27.000,10.000,10.000,826.000,22.000,836.000,32.000
889,14.831483,True,Squash-Line-Calling,0.382177,831.000,27.000,10.000,10.000,826.000,22.000,836.000,32.000
890,14.848167,True,Squash-Line-Calling,0.379838,831.000,27.000,10.000,10.000,826.000,22.000,836.000,32.000
891,14.864850,True,Squash-Line-Calling,0.387377,831.000,27.000,10.000,10.000,826.000,22.000,836.000,32.000
892,14.881533,True,Squash-Line-Calling,0.382531,831.000,27.000,10.000,10.000,826.000,22.000,836.000,32.000
893,14.898217,True,Squash-Line-Calling,0.389781,831.000,27.000,10.000,10.000,826.000,22.000,836.000,32.000
894,14.914900,True,Squash-Line-Calling,0.387258,831.000,27.000,10.000,10.000,826.000,22.000,836.000,32.000
895,14.931583,True,Squash-Line-Calling,0.398398,831.000,27.000,10.000,10.000,826.000,22.000,836.000,32.000
896,14.948267,True,Squash-Line-Calling,0.379961,831.000,27.000,10.000,10.000,826.000,22.000,836.000,32.000
897,14.964950,True,Squash-Line-Calling,0.388166,831.000,27.000,10.000,10.000,826.000,22.000,836.000,32.000
898,14.981633,True,Squash-Line-Calling,0.386204,831.000,27.000,10.000,10.000,826.000,22.000,836.000,32.000
899,14.998317,True,Squash-Line-Calling,0.384229,831.000,27.000,10.000,10.000,826.000,22.000,836.000,32.000
900,15.015000,True,Squash-Line-Calling,0.441870,906.000,520.000,8.000,8.000,902.000,516.000,910.000,524.000
901,15.031683,True,Squash-Line-Calling,0.475509,906.000,520.000,8.000,8.000,902.000,516.000,910.000,524.000
902,15.048367,True,Squash-Line-Calling,0.487922,904.000,520.000,8.000,8.000,900.000,516.000,908.000,524.000
903,15.065050,True,Squash-Line-Calling,0.469936,904.000,522.000,8.000,8.000,900.000,518.000,908.000,526.000
904,15.081733,True,Squash-Line-Calling,0.464821,831.000,27.000,10.000,10.000,826.000,22.000,836.000,32.000
905,15.098417,True,Squash-Line-Calling,0.471216,831.000,27.000,10.000,10.000,826.000,22.000,836.000,32.000
906,15.115100,True,Squash-Line-Calling,0.466954,831.000,27.000,10.000,10.000,826.000,22.000,836.000,32.000
907,15.131783,True,Squash-Line-Calling,0.466034,831.000,27.000,10.000,10.000,826.000,22.000,836.000,32.000
908,15.148467,True,Squash-Line-Calling,0.464946,831.000,27.000,10.000,10.000,826.000,22.000,836.000,32.000
909,15.165150,True,Squash-Line-Calling,0.462332,831.000,27.000,10.000,10.000,826.000,22.000,836.000,32.000
910,15.181833,True,Squash-Line-Calling,0.467316,831.000,27.000,10.000,10.000,826.000,22.000,836.000,32.000
911,15.198517,True,Squash-Line-Calling,0.470361,831.000,27.000,10.000,10.000,826.000,22.000,836.000,32.000
912,15.215200,True,Squash-Line-Calling,0.467575,831.000,27.000,10.000,10.000,826.000,22.000,836.000,32.000
913,15.231883,True,Squash-Line-Calling,0.460781,831.000,27.000,10.000,10.000,826.000,22.000,836.000,32.000
914,15.248567,True,Squash-Line-Calling,0.461021,831.000,27.000,10.000,10.000,826.000,22.000,836.000,32.000
915,15.265250,True,Squash-Line-Calling,0.457368,831.000,27.000,10.000,10.000,826.000,22.000,836.000,32.000
916,15.281933,True,Squash-Line-Calling,0.452287,831.000,27.000,10.000,10.000,826.000,22.000,836.000,32.000
917,15.298617,True,Squash-Line-Calling,0.450073,831.000,27.000,10.000,10.000,826.000,22.000,836.000,32.000
918,15.315300,True,Squash-Line-Calling,0.453652,831.000,27.000,10.000,10.000,826.000,22.000,836.000,32.000
919,15.331983,True,Squash-Line-Calling,0.453611,831.000,27.000,10.000,10.000,826.000,22.000,836.000,32.000
920,15.348667,True,Squash-Line-Calling,0.453745,831.000,27.000,10.000,10.000,826.000,22.000,836.000,32.000
921,15.365350,True,Squash-Line-Calling,0.455932,831.000,27.000,10.000,10.000,826.000,22.000,836.000,32.000
922,15.382033,True,Squash-Line-Calling,0.478584,831.000,27.000,10.000,10.000,826.000,22.000,836.000,32.000
923,15.398717,True,Squash-Line-Calling,0.456280,831.000,27.000,10.000,10.000,826.000,22.000,836.000,32.000
924,15.415400,True,Squash-Line-Calling,0.455572,831.000,27.000,10.000,10.000,826.000,22.000,836.000,32.000
925,15.432083,True,Squash-Line-Calling,0.463994,831.000,27.000,10.000,10.000,826.000,22.000,836.000,32.000
926,15.448767,True,Squash-Line-Calling,0.466483,831.000,27.000,10.000,10.000,826.000,22.000,836.000,32.000
927,15.465450,True,Squash-Line-Calling,0.468042,831.000,27.000,10.000,10.000,826.000,22.000,836.000,32.000
928,15.482133,True,Squash-Line-Calling,0.467474,831.000,27.000,10.000,10.000,826.000,22.000,836.000,32.000
929,15.498817,True,Squash-Line-Calling,0.473510,831.000,27.000,10.000,10.000,826.000,22.000,836.000,32.000
930,15.515500,True,Squash-Line-Calling,0.469786,831.000,27.000,10.000,10.000,826.000,22.000,836.000,32.000
931,15.532183,True,Squash-Line-Calling,0.468206,831.000,27.000,10.000,10.000,826.000,22.000,836.000,32.000
932,15.548867,True,Squash-Line-Calling,0.471674,831.000,27.000,10.000,10.000,826.000,22.000,836.000,32.000
933,15.565550,True,Squash-Line-Calling,0.469838,831.000,27.000,10.000,10.000,826.000,22.000,836.000,32.000
934,15.582233,True,Squash-Line-Calling,0.476786,831.000,27.000,10.000,10.000,826.000,22.000,836.000,32.000
935,15.598917,True,Squash-Line-Calling,0.473887,831.000,27.000,10.000,10.000,826.000,22.000,836.000,32.000
936,15.615600,True,Squash-Line-Calling,0.471785,831.000,27.000,10.000,10.000,826.000,22.000,836.000,32.000
937,15.632283,True,Squash-Line-Calling,0.468027,831.000,27.000,10.000,10.000,826.000,22.000,836.000,32.000
938,15.648967,True,Squash-Line-Calling,0.466573,831.000,27.000,10.000,10.000,826.000,22.000,836.000,32.000
939,15.665650,True,Squash-Line-Calling,0.471111,831.000,27.000,10.000,10.000,826.000,22.000,836.000,32.000
940,15.682333,True,Squash-Line-Calling,0.468345,831.000,27.000,10.000,10.000,826.000,22.000,836.000,32.000
941,15.699017,True,Squash-Line-Calling,0.465226,831.000,27.000,10.000,10.000,826.000,22.000,836.000,32.000
942,15.715700,True,Squash-Line-Calling,0.461723,831.000,27.000,10.000,10.000,826.000,22.000,836.000,32.000
943,15.732383,True,Squash-Line-Calling,0.462801,831.000,27.000,10.000,10.000,826.000,22.000,836.000,32.000
944,15.749067,True,Squash-Line-Calling,0.462928,831.000,27.000,10.000,10.000,826.000,22.000,836.000,32.000
945,15.765750,True,Squash-Line-Calling,0.337453,831.000,27.000,10.000,10.000,826.000,22.000,836.000,32.000
946,15.782433,True,Squash-Line-Calling,0.458733,831.000,27.000,10.000,10.000,826.000,22.000,836.000,32.000
947,15.799117,True,Squash-Line-Calling,0.457227,831.000,27.000,10.000,10.000,826.000,22.000,836.000,32.000
948,15.815800,True,Squash-Line-Calling,0.458163,831.000,27.000,10.000,10.000,826.000,22.000,836.000,32.000
949,15.832483,True,Squash-Line-Calling,0.351444,831.000,27.000,10.000,10.000,826.000,22.000,836.000,32.000
950,15.849167,True,Squash-Line-Calling,0.348391,831.000,27.000,10.000,10.000,826.000,22.000,836.000,32.000
951,15.865850,True,Squash-Line-Calling,0.348223,831.000,27.000,10.000,10.000,826.000,22.000,836.000,32.000
952,15.882533,True,Squash-Line-Calling,0.347795,831.000,27.000,10.000,10.000,826.000,22.000,836.000,32.000
953,15.899217,True,Squash-Line-Calling,0.349112,831.000,27.000,10.000,10.000,826.000,22.000,836.000,32.000
954,15.915900,True,Squash-Line-Calling,0.343887,831.000,27.000,10.000,10.000,826.000,22.000,836.000,32.000
955,15.932583,True,Squash-Line-Calling,0.346231,831.000,27.000,10.000,10.000,826.000,22.000,836.000,32.000
956,15.949267,True,Squash-Line-Calling,0.343255,831.000,27.000,10.000,10.000,826.000,22.000,836.000,32.000
957,15.965950,True,Squash-Line-Calling,0.364890,831.000,27.000,10.000,10.000,826.000,22.000,836.000,32.000
958,15.982633,True,Squash-Line-Calling,0.361170,831.000,27.000,10.000,10.000,826.000,22.000,836.000,32.000
959,15.999317,True,Squash-Line-Calling,0.355516,831.000,27.000,10.000,10.000,826.000,22.000,836.000,32.000
960,16.016000,True,Squash-Line-Calling,0.355762,831.000,27.000,10.000,10.000,826.000,22.000,836.000,32.000
961,16.032683,True,Squash-Line-Calling,0.373453,831.000,27.000,10.000,10.000,826.000,22.000,836.000,32.000
962,16.049367,True,Squash-Line-Calling,0.371765,831.000,27.000,10.000,10.000,826.000,22.000,836.000,32.000
963,16.066050,True,Squash-Line-Calling,0.368119,831.000,27.000,10.000,10.000,826.000,22.000,836.000,32.000
964,16.082733,True,Squash-Line-Calling,0.363207,831.000,27.000,10.000,10.000,826.000,22.000,836.000,32.000
965,16.099417,True,Squash-Line-Calling,0.364382,831.000,27.000,10.000,10.000,826.000,22.000,836.000,32.000
966,16.116100,True,Squash-Line-Calling,0.361885,831.000,27.000,10.000,10.000,826.000,22.000,836.000,32.000
967,16.132783,True,Squash-Line-Calling,0.357674,831.000,27.000,10.000,10.000,826.000,22.000,836.000,32.000
968,16.149467,True,Squash-Line-Calling,0.356107,831.000,27.000,10.000,10.000,826.000,22.000,836.000,32.000
969,16.166150,True,Squash-Line-Calling,0.352425,831.000,27.000,10.000,10.000,826.000,22.000,836.000,32.000
970,16.182833,True,Squash-Line-Calling,0.350604,831.000,27.000,10.000,10.000,826.000,22.000,836.000,32.000
971,16.199517,True,Squash-Line-Calling,0.362669,831.000,27.000,10.000,10.000,826.000,22.000,836.000,32.000
972,16.216200,True,Squash-Line-Calling,0.348074,831.000,27.000,10.000,10.000,826.000,22.000,836.000,32.000
973,16.232883,True,Squash-Line-Calling,0.364435,831.000,27.000,10.000,10.000,826.000,22.000,836.000,32.000
974,16.249567,True,Squash-Line-Calling,0.361742,831.000,27.000,10.000,10.000,826.000,22.000,836.000,32.000
975,16.266250,True,Squash-Line-Calling,0.339945,831.000,27.000,10.000,10.000,826.000,22.000,836.000,32.000
976,16.282933,True,Squash-Line-Calling,0.341956,831.000,27.000,10.000,10.000,826.000,22.000,836.000,32.000
977,16.299617,True,Squash-Line-Calling,0.337996,831.000,27.000,10.000,10.000,826.000,22.000,836.000,32.000
978,16.316300,True,Squash-Line-Calling,0.342344,831.000,27.000,10.000,10.000,826.000,22.000,836.000,32.000
979,16.332983,True,Squash-Line-Calling,0.339613,831.000,27.000,10.000,10.000,826.000,22.000,836.000,32.000
980,16.349667,True,Squash-Line-Calling,0.340054,831.000,27.000,10.000,10.000,826.000,22.000,836.000,32.000
981,16.366350,True,Squash-Line-Calling,0.340796,831.000,27.000,10.000,10.000,826.000,22.000,836.000,32.000
982,16.383033,True,Squash-Line-Calling,0.390329,659.000,705.000,10.000,10.000,654.000,700.000,664.000,710.000
983,16.399717,True,Squash-Line-Calling,0.514132,656.000,733.000,8.000,10.000,652.000,728.000,660.000,738.000
984,16.416400,True,Squash-Line-Calling,0.332836,831.000,27.000,10.000,10.000,826.000,22.000,836.000,32.000
985,16.433083,True,Squash-Line-Calling,0.314393,651.000,778.000,10.000,12.000,646.000,772.000,656.000,784.000
986,16.449767,True,Squash-Line-Calling,0.435653,648.000,763.000,8.000,10.000,644.000,758.000,652.000,768.000
987,16.466450,True,Squash-Line-Calling,0.434463,646.000,748.000,8.000,8.000,642.000,744.000,650.000,752.000
988,16.483133,True,Squash-Line-Calling,0.575809,644.000,735.000,8.000,6.000,640.000,732.000,648.000,738.000
989,16.499817,True,Squash-Line-Calling,0.638086,642.000,721.000,8.000,10.000,638.000,716.000,646.000,726.000
990,16.516500,True,Squash-Line-Calling,0.649784,641.000,709.000,10.000,10.000,636.000,704.000,646.000,714.000
991,16.533183,True,Squash-Line-Calling,0.598508,640.000,696.000,8.000,8.000,636.000,692.000,644.000,700.000
992,16.549867,True,Squash-Line-Calling,0.523931,637.000,685.000,10.000,10.000,632.000,680.000,642.000,690.000
993,16.566550,True,Squash-Line-Calling,0.476996,831.000,28.000,10.000,12.000,826.000,22.000,836.000,34.000
994,16.583233,True,Squash-Line-Calling,0.578843,634.000,664.000,8.000,8.000,630.000,660.000,638.000,668.000
995,16.599917,True,Squash-Line-Calling,0.632405,632.000,653.000,8.000,10.000,628.000,648.000,636.000,658.000
996,16.616600,True,Squash-Line-Calling,0.477439,831.000,28.000,10.000,12.000,826.000,22.000,836.000,34.000
997,16.633283,True,Squash-Line-Calling,0.477809,831.000,28.000,10.000,12.000,826.000,22.000,836.000,34.000
998,16.649967,True,Squash-Line-Calling,0.478777,831.000,28.000,10.000,12.000,826.000,22.000,836.000,34.000
999,16.666650,True,Squash-Line-Calling,0.478511,831.000,28.000,10.000,12.000,826.000,22.000,836.000,34.000
1000,16.683333,True,Squash-Line-Calling,0.478283,831.000,28.000,10.000,12.000,826.000,22.000,836.000,34.000
1001,16.700017,True,Squash-Line-Calling,0.478343,831.000,28.000,10.000,12.000,826.000,22.000,836.000,34.000
1002,16.716700,True,Squash-Line-Calling,0.477741,831.000,28.000,10.000,12.000,826.000,22.000,836.000,34.000
1003,16.733383,True,Squash-Line-Calling,0.475711,831.000,28.000,10.000,12.000,826.000,22.000,836.000,34.000
1004,16.750067,True,Squash-Line-Calling,0.570041,619.000,669.000,10.000,10.000,614.000,664.000,624.000,674.000
1005,16.766750,True,Squash-Line-Calling,0.624025,618.000,690.000,8.000,8.000,614.000,686.000,622.000,694.000
1006,16.783433,True,Squash-Line-Calling,0.497915,618.000,712.000,8.000,8.000,614.000,708.000,622.000,716.000
1007,16.800117,True,Squash-Line-Calling,0.591369,618.000,735.000,8.000,6.000,614.000,732.000,622.000,738.000
1008,16.816800,True,Squash-Line-Calling,0.586481,618.000,758.000,8.000,8.000,614.000,754.000,622.000,762.000
1009,16.833483,True,Squash-Line-Calling,0.625167,616.000,759.000,8.000,10.000,612.000,754.000,620.000,764.000
1010,16.850167,True,Squash-Line-Calling,0.554830,616.000,746.000,8.000,8.000,612.000,742.000,620.000,750.000
1011,16.866850,True,Squash-Line-Calling,0.634185,614.000,734.000,8.000,8.000,610.000,730.000,618.000,738.000
1012,16.883533,True,Squash-Line-Calling,0.626317,612.000,724.000,8.000,8.000,608.000,720.000,616.000,728.000
1013,16.900217,True,Squash-Line-Calling,0.573143,612.000,712.000,8.000,8.000,608.000,708.000,616.000,716.000
1014,16.916900,True,Squash-Line-Calling,0.479378,831.000,28.000,10.000,12.000,826.000,22.000,836.000,34.000
1015,16.933583,True,Squash-Line-Calling,0.689845,610.000,691.000,8.000,10.000,606.000,686.000,614.000,696.000
1016,16.950267,True,Squash-Line-Calling,0.663079,608.000,682.000,8.000,8.000,604.000,678.000,612.000,686.000
1017,16.966950,True,Squash-Line-Calling,0.479539,831.000,28.000,10.000,12.000,826.000,22.000,836.000,34.000
1018,16.983633,True,Squash-Line-Calling,0.545654,606.000,664.000,8.000,8.000,602.000,660.000,610.000,668.000
1019,17.000317,True,Squash-Line-Calling,0.482107,831.000,28.000,10.000,12.000,826.000,22.000,836.000,34.000
1020,17.017000,True,Squash-Line-Calling,0.481481,831.000,28.000,10.000,12.000,826.000,22.000,836.000,34.000
1021,17.033683,True,Squash-Line-Calling,0.485390,831.000,28.000,10.000,12.000,826.000,22.000,836.000,34.000
